No,UID,X,Y,Z
0,1000101018,-0.143372,-2.301086,87.689575
1,1000101019,-0.07196,-2.360413,87.642151
2,1000101020,-0.095306,-2.246869,87.752205
3,1000101021,-0.10403,-1.821017,88.174789
4,1000101022,-89.302368,-0.368042,0.571289
5,1000101023,-88.816223,-1.179382,0.169189
6,1000101024,-88.838737,-0.857703,0.801233
7,1000101025,-88.256889,-0.276053,1.719976
8,1000101026,-88.899261,-0.539923,0.954822
9,1000101018,-0.141174,-2.311523,87.682434
10,1000101019,-0.069983,-2.359314,87.638947
11,1000101020,-0.105414,-2.250439,87.745644
12,1000101021,-0.106963,-1.821357,88.174652
13,1000101022,-89.329834,-0.368042,0.560303
14,1000101023,-88.803589,-1.179932,0.137329
15,1000101024,-88.832909,-0.855176,0.783325
16,1000101025,-88.258942,-0.274307,1.71802
17,1000101026,-88.904327,-0.540088,0.960974
18,1000101018,-0.152161,-2.309875,87.682983
19,1000101019,-0.073389,-2.359204,87.638382
20,1000101020,-0.097009,-2.252252,87.746979
21,1000101021,-0.104293,-1.820259,88.174652
22,1000101022,-89.34082,-0.373535,0.55481
23,1000101023,-88.813477,-1.182129,0.173584
24,1000101024,-88.834679,-0.856604,0.78739
25,1000101025,-88.257339,-0.272648,1.7188
26,1000101026,-88.895935,-0.541132,0.965204
27,1000101018,-0.146667,-2.307129,87.686279
28,1000101019,-0.061414,-2.358875,87.639618
29,1000101020,-0.101514,-2.250549,87.744186
30,1000101021,-0.107655,-1.821379,88.173943
31,1000101022,-89.329834,-0.362549,0.565796
32,1000101023,-88.806885,-1.184326,0.169189
33,1000101024,-88.83326,-0.860669,0.796399
34,1000101025,-88.260834,-0.27401,1.717548
35,1000101026,-88.894241,-0.542725,0.956799
36,1000101018,-0.135681,-2.30658,87.692871
37,1000101019,-0.059985,-2.358655,87.637932
38,1000101020,-0.103931,-2.251593,87.748123
39,1000101021,-0.106205,-1.819995,88.175285
40,1000101022,-89.324341,-0.373535,0.565796
41,1000101023,-88.805237,-1.175537,0.153809
42,1000101024,-88.836433,-0.857263,0.793323
43,1000101025,-88.258575,-0.272307,1.714856
44,1000101026,-88.891396,-0.54245,0.961194
45,1000101018,-0.150513,-2.314819,87.68573
46,1000101019,-0.075696,-2.360632,87.638359
47,1000101020,-0.097888,-2.255164,87.746696
48,1000101021,-0.105018,-1.82161,88.17514
49,1000101022,-89.351807,-0.351562,0.543823
50,1000101023,-88.814575,-1.172241,0.159851
51,1000101024,-88.824562,-0.864294,0.786182
52,1000101025,-88.260544,-0.275548,1.717185
53,1000101026,-88.895958,-0.544537,0.961139
54,1000101018,-0.142822,-2.307129,87.687378
55,1000101019,-0.061853,-2.355798,87.64138
56,1000101020,-0.106787,-2.251758,87.746269
57,1000101021,-0.104843,-1.820347,88.175781
58,1000101022,-89.329834,-0.373535,0.55481
59,1000101023,-88.804688,-1.177185,0.162048
60,1000101024,-88.834251,-0.854626,0.797827
61,1000101025,-88.260712,-0.27557,1.717987
62,1000101026,-88.893906,-0.544428,0.960095
63,1000101018,-0.142822,-2.307129,87.686279
64,1000101019,-0.074597,-2.357666,87.641678
65,1000101020,-0.103711,-2.254999,87.743195
66,1000101021,-0.10615,-1.820336,88.176086
67,1000101022,-89.324341,-0.362549,0.571289
68,1000101023,-88.820068,-1.182678,0.154907
69,1000101024,-88.83403,-0.855286,0.790356
70,1000101025,-88.261368,-0.275427,1.719382
71,1000101026,-88.896545,-0.54223,0.962238
72,1000101018,-0.142822,-2.307129,87.689026
73,1000101019,-0.059436,-2.360742,87.641365
74,1000101020,-0.103162,-2.251483,87.747589
75,1000101021,-0.107578,-1.819995,88.175873
76,1000101022,-89.329834,-0.368042,0.55481
77,1000101023,-88.820618,-1.189819,0.17688
78,1000101024,-88.835129,-0.862976,0.792883
79,1000101025,-88.260559,-0.275251,1.715779
80,1000101026,-88.893837,-0.545581,0.964435
81,1000101018,-0.153809,-2.307129,87.688477
82,1000101019,-0.067896,-2.360523,87.641174
83,1000101020,-0.09657,-2.24632,87.75029
84,1000101021,-0.108633,-1.822478,88.173958
85,1000101022,-89.34082,-0.351562,0.549316
86,1000101023,-88.808533,-1.17334,0.147217
87,1000101024,-88.825348,-0.870227,0.791565
88,1000101025,-88.265083,-0.274713,1.714658
89,1000101026,-88.903069,-0.539648,0.962622
90,1000101018,-0.14502,-2.301636,87.688477
91,1000101019,-0.06427,-2.36228,87.6399
92,1000101020,-0.097888,-2.255878,87.74324
93,1000101021,-0.105754,-1.820544,88.174522
94,1000101022,-89.34082,-0.368042,0.565796
95,1000101023,-88.800842,-1.180481,0.15271
96,1000101024,-88.826866,-0.866821,0.799475
97,1000101025,-88.261436,-0.275999,1.71724
98,1000101026,-88.893944,-0.543384,0.96394
99,1000101018,-0.149414,-2.309875,87.681885
100,1000101019,-0.06438,-2.361841,87.637497
101,1000101020,-0.107281,-2.252362,87.743027
102,1000101021,-0.107007,-1.820698,88.174522
103,1000101022,-89.329834,-0.373535,0.55481
104,1000101023,-88.807983,-1.178284,0.166443
105,1000101024,-88.8349,-0.864404,0.781567
106,1000101025,-88.262016,-0.274054,1.714856
107,1000101026,-88.897041,-0.543109,0.969818
108,1000101018,-0.149414,-2.300537,87.69397
109,1000101019,-0.070972,-2.360742,87.639137
110,1000101020,-0.092615,-2.245276,87.751945
111,1000101021,-0.107117,-1.820676,88.175262
112,1000101022,-89.335327,-0.368042,0.543823
113,1000101023,-88.827759,-1.180481,0.164795
114,1000101024,-88.834023,-0.859131,0.792993
115,1000101025,-88.263962,-0.274021,1.71691
116,1000101026,-88.890602,-0.544428,0.969104
117,1000101018,-0.148315,-2.308228,87.685181
118,1000101019,-0.066797,-2.360742,87.639023
119,1000101020,-0.091846,-2.247638,87.751442
120,1000101021,-0.108007,-1.822489,88.172676
121,1000101022,-89.34082,-0.346069,0.55481
122,1000101023,-88.81073,-1.187073,0.157654
123,1000101024,-88.833359,-0.863635,0.793213
124,1000101025,-88.26461,-0.275845,1.719877
125,1000101026,-88.887543,-0.549152,0.96449
126,1000101018,-0.153809,-2.304382,87.692871
127,1000101019,-0.074927,-2.357666,87.64035
128,1000101020,-0.098877,-2.254779,87.745087
129,1000101021,-0.106688,-1.821819,88.173546
130,1000101022,-89.318848,-0.373535,0.576782
131,1000101023,-88.815674,-1.190918,0.15271
132,1000101024,-88.83181,-0.857922,0.807825
133,1000101025,-88.267387,-0.276823,1.715988
134,1000101026,-88.896576,-0.544977,0.968225
135,1000101018,-0.155457,-2.301636,87.692871
136,1000101019,-0.058228,-2.359424,87.63916
137,1000101020,-0.09679,-2.246265,87.749695
138,1000101021,-0.105699,-1.82072,88.17366
139,1000101022,-89.324341,-0.357056,0.560303
140,1000101023,-88.817322,-1.18927,0.165894
141,1000101024,-88.828407,-0.85968,0.798267
142,1000101025,-88.260658,-0.276152,1.713988
143,1000101026,-88.891975,-0.542285,0.966962
144,1000101018,-0.143372,-2.30658,87.690674
145,1000101019,-0.069983,-2.361621,87.636696
146,1000101020,-0.101678,-2.251209,87.747238
147,1000101021,-0.104996,-1.821259,88.175026
148,1000101022,-89.362793,-0.351562,0.560303
149,1000101023,-88.821167,-1.18103,0.169739
150,1000101024,-88.834686,-0.855835,0.789258
151,1000101025,-88.263382,-0.27635,1.713241
152,1000101026,-88.892426,-0.544922,0.968939
153,1000101018,-0.147766,-2.309326,87.687378
154,1000101019,-0.076245,-2.36239,87.640724
155,1000101020,-0.104535,-2.251318,87.747009
156,1000101021,-0.105315,-1.821984,88.174004
157,1000101022,-89.34082,-0.357056,0.543823
158,1000101023,-88.828308,-1.170593,0.169739
159,1000101024,-88.831024,-0.862097,0.791565
160,1000101025,-88.264839,-0.276976,1.712043
161,1000101026,-88.89341,-0.544098,0.96795
162,1000101018,-0.140076,-2.304932,87.692871
163,1000101019,-0.065698,-2.359753,87.63929
164,1000101020,-0.10036,-2.252966,87.743675
165,1000101021,-0.107677,-1.821193,88.174843
166,1000101022,-89.329834,-0.362549,0.576782
167,1000101023,-88.815125,-1.182129,0.170288
168,1000101024,-88.832253,-0.861987,0.800354
169,1000101025,-88.265541,-0.275295,1.711132
170,1000101026,-88.891533,-0.544922,0.970532
171,1000101018,-0.137878,-2.307129,87.686829
172,1000101019,-0.063721,-2.361841,87.638611
173,1000101020,-0.095306,-2.248187,87.752861
174,1000101021,-0.106271,-1.821885,88.174622
175,1000101022,-89.34082,-0.346069,0.532837
176,1000101023,-88.805786,-1.182678,0.162048
177,1000101024,-88.823906,-0.863416,0.792334
178,1000101025,-88.267075,-0.276515,1.711505
179,1000101026,-88.887077,-0.541736,0.968005
180,1000101018,-0.142822,-2.307129,87.681885
181,1000101019,-0.061523,-2.360523,87.641914
182,1000101020,-0.105579,-2.248462,87.747498
183,1000101021,-0.106611,-1.822104,88.173645
184,1000101022,-89.329834,-0.357056,0.560303
185,1000101023,-88.81897,-1.177734,0.166443
186,1000101024,-88.829063,-0.854846,0.79563
187,1000101025,-88.267616,-0.27602,1.713406
188,1000101026,-88.891151,-0.54613,0.967621
189,1000101018,-0.140076,-2.307129,87.692871
190,1000101019,-0.069104,-2.359973,87.64238
191,1000101020,-0.097998,-2.246594,87.752487
192,1000101021,-0.107161,-1.820248,88.174889
193,1000101022,-89.335327,-0.357056,0.571289
194,1000101023,-88.81073,-1.168945,0.159851
195,1000101024,-88.829727,-0.860339,0.7875
196,1000101025,-88.266426,-0.275065,1.712966
197,1000101026,-88.89109,-0.539758,0.969159
198,1000101018,-0.142822,-2.305481,87.690674
199,1000101019,-0.068335,-2.359863,87.638145
200,1000101020,-0.105469,-2.248297,87.746361
201,1000101021,-0.109017,-1.821907,88.173149
202,1000101022,-89.34082,-0.357056,0.549316
203,1000101023,-88.810181,-1.184875,0.177429
204,1000101024,-88.835449,-0.862317,0.800244
205,1000101025,-88.267303,-0.278273,1.712922
206,1000101026,-88.893845,-0.542725,0.963721
207,1000101018,-0.150513,-2.305481,87.692871
208,1000101019,-0.067896,-2.359534,87.639801
209,1000101020,-0.103656,-2.252911,87.749298
210,1000101021,-0.107347,-1.822269,88.172638
211,1000101022,-89.296875,-0.373535,0.582275
212,1000101023,-88.811279,-1.161804,0.176331
213,1000101024,-88.833694,-0.857922,0.79574
214,1000101025,-88.267654,-0.276581,1.710648
215,1000101026,-88.891533,-0.544592,0.973004
216,1000101018,-0.153259,-2.305481,87.692871
217,1000101019,-0.06427,-2.361841,87.639297
218,1000101020,-0.095471,-2.248187,87.751595
219,1000101021,-0.103656,-1.822269,88.172775
220,1000101022,-89.362793,-0.346069,0.55481
221,1000101023,-88.820618,-1.191467,0.169189
222,1000101024,-88.834999,-0.858582,0.783545
223,1000101025,-88.264252,-0.276405,1.714296
224,1000101026,-88.889168,-0.54267,0.968115
225,1000101018,-0.14447,-2.307129,87.687927
226,1000101019,-0.060315,-2.358655,87.639824
227,1000101020,-0.093933,-2.246484,87.751495
228,1000101021,-0.105183,-1.820896,88.174828
229,1000101022,-89.351807,-0.357056,0.55481
230,1000101023,-88.81073,-1.174438,0.184021
231,1000101024,-88.835999,-0.861987,0.789697
232,1000101025,-88.267288,-0.276229,1.713735
233,1000101026,-88.891068,-0.541626,0.966028
234,1000101018,-0.145569,-2.301086,87.692871
235,1000101019,-0.069763,-2.36283,87.63308
236,1000101020,-0.099316,-2.255219,87.745407
237,1000101021,-0.105919,-1.821819,88.174835
238,1000101022,-89.324341,-0.368042,0.571289
239,1000101023,-88.809082,-1.179382,0.177429
240,1000101024,-88.837189,-0.860779,0.791345
241,1000101025,-88.267845,-0.275922,1.716262
242,1000101026,-88.895821,-0.544043,0.970367
243,1000101018,-0.142822,-2.307129,87.68573
244,1000101019,-0.073938,-2.361731,87.634964
245,1000101020,-0.096185,-2.247803,87.750175
246,1000101021,-0.106919,-1.821819,88.17292
247,1000101022,-89.329834,-0.373535,0.543823
248,1000101023,-88.816223,-1.176636,0.173584
249,1000101024,-88.823265,-0.8677,0.800244
250,1000101025,-88.267609,-0.273812,1.710637
251,1000101026,-88.88662,-0.54657,0.970148
252,1000101018,-0.142822,-2.307129,87.683533
253,1000101019,-0.059656,-2.365027,87.639435
254,1000101020,-0.104865,-2.24989,87.746727
255,1000101021,-0.105996,-1.820676,88.17498
256,1000101022,-89.346313,-0.357056,0.55481
257,1000101023,-88.806335,-1.199158,0.210938
258,1000101024,-88.826775,-0.863416,0.790466
259,1000101025,-88.26844,-0.276669,1.712801
260,1000101026,-88.887482,-0.542285,0.972235
261,1000101018,-0.142822,-2.307129,87.687378
262,1000101019,-0.056799,-2.362061,87.637268
263,1000101020,-0.107556,-2.252417,87.743729
264,1000101021,-0.103887,-1.823324,88.173111
265,1000101022,-89.34082,-0.357056,0.582275
266,1000101023,-88.806335,-1.174438,0.186768
267,1000101024,-88.82621,-0.861658,0.797937
268,1000101025,-88.265358,-0.274274,1.710308
269,1000101026,-88.884346,-0.545746,0.965149
270,1000101018,-0.14502,-2.307129,87.681885
271,1000101019,-0.072949,-2.361511,87.636719
272,1000101020,-0.103271,-2.255054,87.745255
273,1000101021,-0.103469,-1.82317,88.173256
274,1000101022,-89.362793,-0.357056,0.532837
275,1000101023,-88.807983,-1.174988,0.190613
276,1000101024,-88.835236,-0.860889,0.798157
277,1000101025,-88.268303,-0.276899,1.712725
278,1000101026,-88.891602,-0.544208,0.971356
279,1000101018,-0.142822,-2.304932,87.690125
280,1000101019,-0.060754,-2.361621,87.641075
281,1000101020,-0.105359,-2.249725,87.744423
282,1000101021,-0.106842,-1.822445,88.174248
283,1000101022,-89.324341,-0.357056,0.565796
284,1000101023,-88.826111,-1.160706,0.171936
285,1000101024,-88.831505,-0.863196,0.799805
286,1000101025,-88.265144,-0.274977,1.708143
287,1000101026,-88.885521,-0.546735,0.974762
288,1000101018,-0.152161,-2.307129,87.691223
289,1000101019,-0.062622,-2.359204,87.640022
290,1000101020,-0.103821,-2.247858,87.747345
291,1000101021,-0.103766,-1.823181,88.172783
292,1000101022,-89.34082,-0.357056,0.55481
293,1000101023,-88.814026,-1.176636,0.169739
294,1000101024,-88.829857,-0.858362,0.80365
295,1000101025,-88.268303,-0.277119,1.711077
296,1000101026,-88.889557,-0.545526,0.969324
297,1000101018,-0.15271,-2.312622,87.681885
298,1000101019,-0.064819,-2.357227,87.639824
299,1000101020,-0.107391,-2.254175,87.745392
300,1000101021,-0.104689,-1.822379,88.171829
301,1000101022,-89.318848,-0.351562,0.582275
302,1000101023,-88.799194,-1.170593,0.18512
303,1000101024,-88.835106,-0.858032,0.792224
304,1000101025,-88.267372,-0.275581,1.710088
305,1000101026,-88.88916,-0.544208,0.969873
306,1000101018,-0.143921,-2.303833,87.692322
307,1000101019,-0.078442,-2.359643,87.641014
308,1000101020,-0.103271,-2.247803,87.746002
309,1000101021,-0.106315,-1.8235,88.173897
310,1000101022,-89.34082,-0.357056,0.55481
311,1000101023,-88.809082,-1.183228,0.18457
312,1000101024,-88.830391,-0.855066,0.797717
313,1000101025,-88.267906,-0.277679,1.712933
314,1000101026,-88.890045,-0.543109,0.970917
315,1000101018,-0.141724,-2.318115,87.682983
316,1000101019,-0.061743,-2.36217,87.638359
317,1000101020,-0.102887,-2.254779,87.74498
318,1000101021,-0.106743,-1.820544,88.174507
319,1000101022,-89.324341,-0.379028,0.55481
320,1000101023,-88.823364,-1.162903,0.188416
321,1000101024,-88.825676,-0.865503,0.792004
322,1000101025,-88.269394,-0.275581,1.712988
323,1000101026,-88.882874,-0.549866,0.967621
324,1000101018,-0.142273,-2.307129,87.686279
325,1000101019,-0.070093,-2.364368,87.637833
326,1000101020,-0.092615,-2.247089,87.748314
327,1000101021,-0.102898,-1.823412,88.173042
328,1000101022,-89.362793,-0.357056,0.549316
329,1000101023,-88.828308,-1.193115,0.192261
330,1000101024,-88.829491,-0.860889,0.794751
331,1000101025,-88.27018,-0.277987,1.710758
332,1000101026,-88.886917,-0.541022,0.979486
333,1000101018,-0.14502,-2.308777,87.686829
334,1000101019,-0.055701,-2.361401,87.639687
335,1000101020,-0.104974,-2.252417,87.743698
336,1000101021,-0.102975,-1.822764,88.173195
337,1000101022,-89.329834,-0.357056,0.587769
338,1000101023,-88.816223,-1.187073,0.191162
339,1000101024,-88.83609,-0.867151,0.783325
340,1000101025,-88.271568,-0.273582,1.708693
341,1000101026,-88.884697,-0.542285,0.974158
342,1000101018,-0.15271,-2.307129,87.687378
343,1000101019,-0.075586,-2.358875,87.637932
344,1000101020,-0.104095,-2.249451,87.744743
345,1000101021,-0.106831,-1.821698,88.174576
346,1000101022,-89.324341,-0.362549,0.560303
347,1000101023,-88.808533,-1.167847,0.18457
348,1000101024,-88.836113,-0.860999,0.794751
349,1000101025,-88.269714,-0.276779,1.710439
350,1000101026,-88.882919,-0.545142,0.978333
351,1000101018,-0.147217,-2.307129,87.690125
352,1000101019,-0.061414,-2.361401,87.637482
353,1000101020,-0.094922,-2.246704,87.751396
354,1000101021,-0.102316,-1.823434,88.171959
355,1000101022,-89.313354,-0.373535,0.565796
356,1000101023,-88.814575,-1.188721,0.206543
357,1000101024,-88.836006,-0.857373,0.802771
358,1000101025,-88.269852,-0.274812,1.706309
359,1000101026,-88.878143,-0.547174,0.974213
360,1000101018,-0.140076,-2.307129,87.68573
361,1000101019,-0.074597,-2.357556,87.639374
362,1000101020,-0.093384,-2.249011,87.751701
363,1000101021,-0.108314,-1.822379,88.173058
364,1000101022,-89.351807,-0.362549,0.571289
365,1000101023,-88.827759,-1.176636,0.201599
366,1000101024,-88.837425,-0.864954,0.784644
367,1000101025,-88.270592,-0.275175,1.709725
368,1000101026,-88.879509,-0.544098,0.97273
369,1000101018,-0.14447,-2.307129,87.692871
370,1000101019,-0.075146,-2.359973,87.638031
371,1000101020,-0.098657,-2.252472,87.74427
372,1000101021,-0.102327,-1.823104,88.174042
373,1000101022,-89.34082,-0.346069,0.55481
374,1000101023,-88.805237,-1.182678,0.199402
375,1000101024,-88.830505,-0.860999,0.783435
376,1000101025,-88.267265,-0.27512,1.709121
377,1000101026,-88.883789,-0.549976,0.978333
378,1000101018,-0.141724,-2.308228,87.690125
379,1000101019,-0.061414,-2.362061,87.639397
380,1000101020,-0.102612,-2.2539,87.743019
381,1000101021,-0.109094,-1.822906,88.172951
382,1000101022,-89.324341,-0.368042,0.576782
383,1000101023,-88.813477,-1.175537,0.211487
384,1000101024,-88.830597,-0.863086,0.783875
385,1000101025,-88.270432,-0.276075,1.706825
386,1000101026,-88.886452,-0.543713,0.980035
387,1000101018,-0.13678,-2.302185,87.692871
388,1000101019,-0.074268,-2.359643,87.638924
389,1000101020,-0.094647,-2.244012,87.752594
390,1000101021,-0.107842,-1.821083,88.175926
391,1000101022,-89.34082,-0.362549,0.55481
392,1000101023,-88.80249,-1.185425,0.199951
393,1000101024,-88.838516,-0.861218,0.796728
394,1000101025,-88.270592,-0.275515,1.708407
395,1000101026,-88.882637,-0.540637,0.97218
396,1000101018,-0.148315,-2.307129,87.686279
397,1000101019,-0.07207,-2.36283,87.639259
398,1000101020,-0.101898,-2.252362,87.742569
399,1000101021,-0.107963,-1.822192,88.171494
400,1000101022,-89.351807,-0.351562,0.543823
401,1000101023,-88.81073,-1.176086,0.195557
402,1000101024,-88.832146,-0.856274,0.793433
403,1000101025,-88.266968,-0.275394,1.709637
404,1000101026,-88.889923,-0.546954,0.970752
405,1000101018,-0.153259,-2.307129,87.689026
406,1000101019,-0.074158,-2.361291,87.639023
407,1000101020,-0.105084,-2.249945,87.744835
408,1000101021,-0.107622,-1.820237,88.174278
409,1000101022,-89.351807,-0.340576,0.560303
410,1000101023,-88.813477,-1.187622,0.221924
411,1000101024,-88.833145,-0.859021,0.776074
412,1000101025,-88.269127,-0.274219,1.70833
413,1000101026,-88.881767,-0.545087,0.975531
414,1000101018,-0.154907,-2.313721,87.681885
415,1000101019,-0.075037,-2.357556,87.639938
416,1000101020,-0.105743,-2.25011,87.748718
417,1000101021,-0.103282,-1.822368,88.171745
418,1000101022,-89.346313,-0.357056,0.543823
419,1000101023,-88.814026,-1.169495,0.223572
420,1000101024,-88.832703,-0.858252,0.78739
421,1000101025,-88.275314,-0.277273,1.70566
422,1000101026,-88.881813,-0.540967,0.981189
423,1000101018,-0.142822,-2.307678,87.68573
424,1000101019,-0.065588,-2.359424,87.641266
425,1000101020,-0.108105,-2.252801,87.744186
426,1000101021,-0.103425,-1.823247,88.172417
427,1000101022,-89.34082,-0.346069,0.560303
428,1000101023,-88.798645,-1.183228,0.213135
429,1000101024,-88.829163,-0.866602,0.788599
430,1000101025,-88.27063,-0.276658,1.708165
431,1000101026,-88.88829,-0.541681,0.973718
432,1000101018,-0.149963,-2.304932,87.692871
433,1000101019,-0.069763,-2.358325,87.638596
434,1000101020,-0.103766,-2.253351,87.748924
435,1000101021,-0.103239,-1.824357,88.171852
436,1000101022,-89.324341,-0.373535,0.582275
437,1000101023,-88.814026,-1.170593,0.212036
438,1000101024,-88.830742,-0.863306,0.79541
439,1000101025,-88.272018,-0.275757,1.709659
440,1000101026,-88.888893,-0.545471,0.980859
441,1000101018,-0.140625,-2.307129,87.689026
442,1000101019,-0.068005,-2.358545,87.641289
443,1000101020,-0.105084,-2.251593,87.742165
444,1000101021,-0.106974,-1.821303,88.174904
445,1000101022,-89.324341,-0.346069,0.576782
446,1000101023,-88.820068,-1.171692,0.201599
447,1000101024,-88.832588,-0.858582,0.786291
448,1000101025,-88.274155,-0.275878,1.710154
449,1000101026,-88.88401,-0.54223,0.974817
450,1000101018,-0.142273,-2.310974,87.687927
451,1000101019,-0.060095,-2.36217,87.638153
452,1000101020,-0.10426,-2.252692,87.745964
453,1000101021,-0.107688,-1.821995,88.173851
454,1000101022,-89.318848,-0.357056,0.576782
455,1000101023,-88.805237,-1.176086,0.214233
456,1000101024,-88.834045,-0.858691,0.786951
457,1000101025,-88.272697,-0.276493,1.707418
458,1000101026,-88.887848,-0.543329,0.982892
459,1000101018,-0.142822,-2.307129,87.692871
460,1000101019,-0.072729,-2.356897,87.638046
461,1000101020,-0.097394,-2.245166,87.750847
462,1000101021,-0.108073,-1.822643,88.173874
463,1000101022,-89.329834,-0.362549,0.565796
464,1000101023,-88.795349,-1.18158,0.22522
465,1000101024,-88.837204,-0.864404,0.802222
466,1000101025,-88.272362,-0.276844,1.705836
467,1000101026,-88.888191,-0.544812,0.977234
468,1000101018,-0.148315,-2.303833,87.689575
469,1000101019,-0.068555,-2.3625,87.636719
470,1000101020,-0.104425,-2.247363,87.744873
471,1000101021,-0.107996,-1.821204,88.17392
472,1000101022,-89.34082,-0.346069,0.560303
473,1000101023,-88.803589,-1.178284,0.20874
474,1000101024,-88.826767,-0.856494,0.798376
475,1000101025,-88.272545,-0.276108,1.708781
476,1000101026,-88.887001,-0.546515,0.977454
477,1000101018,-0.140625,-2.301636,87.692871
478,1000101019,-0.065698,-2.361951,87.641045
479,1000101020,-0.091571,-2.246924,87.756317
480,1000101021,-0.106787,-1.822192,88.172829
481,1000101022,-89.324341,-0.373535,0.55481
482,1000101023,-88.814575,-1.175537,0.18512
483,1000101024,-88.829514,-0.865063,0.797827
484,1000101025,-88.27359,-0.274955,1.703914
485,1000101026,-88.884567,-0.547504,0.981628
486,1000101018,-0.142822,-2.308777,87.687927
487,1000101019,-0.063391,-2.360852,87.638359
488,1000101020,-0.093823,-2.2461,87.752151
489,1000101021,-0.104183,-1.822412,88.173096
490,1000101022,-89.329834,-0.368042,0.560303
491,1000101023,-88.808533,-1.18103,0.210388
492,1000101024,-88.834122,-0.85957,0.792334
493,1000101025,-88.27346,-0.276482,1.705122
494,1000101026,-88.884933,-0.547998,0.977948
495,1000101018,-0.149963,-2.307129,87.690674
496,1000101019,-0.060095,-2.359314,87.642464
497,1000101020,-0.110577,-2.253296,87.745438
498,1000101021,-0.102524,-1.823313,88.171974
499,1000101022,-89.329834,-0.368042,0.55481
500,1000101023,-88.81842,-1.165649,0.216431
501,1000101024,-88.834671,-0.862097,0.794861
502,1000101025,-88.274506,-0.278196,1.708682
503,1000101026,-88.880661,-0.548273,0.984814
504,1000101018,-0.142822,-2.30658,87.68573
505,1000101019,-0.070972,-2.36228,87.63871
506,1000101020,-0.102338,-2.249011,87.750114
507,1000101021,-0.10571,-1.820852,88.175247
508,1000101022,-89.329834,-0.357056,0.582275
509,1000101023,-88.81073,-1.167847,0.245544
510,1000101024,-88.825783,-0.865613,0.788599
511,1000101025,-88.273407,-0.276163,1.707056
512,1000101026,-88.881348,-0.545526,0.983551
513,1000101018,-0.142822,-2.302734,87.69342
514,1000101019,-0.070203,-2.358215,87.638908
515,1000101020,-0.088989,-2.247748,87.751266
516,1000101021,-0.105656,-1.821017,88.175377
517,1000101022,-89.329834,-0.357056,0.571289
518,1000101023,-88.820618,-1.168396,0.214783
519,1000101024,-88.833145,-0.857483,0.78761
520,1000101025,-88.271538,-0.277185,1.707429
521,1000101026,-88.887337,-0.54679,0.97597
522,1000101018,-0.153259,-2.304382,87.692871
523,1000101019,-0.074158,-2.361182,87.638245
524,1000101020,-0.104535,-2.253076,87.743454
525,1000101021,-0.103304,-1.821621,88.172722
526,1000101022,-89.335327,-0.373535,0.549316
527,1000101023,-88.817871,-1.162354,0.214783
528,1000101024,-88.831932,-0.862317,0.80376
529,1000101025,-88.275261,-0.276218,1.707253
530,1000101026,-88.879364,-0.54624,0.983112
531,1000101018,-0.142822,-2.307129,87.684631
532,1000101019,-0.06416,-2.360413,87.637932
533,1000101020,-0.096735,-2.246594,87.75164
534,1000101021,-0.107325,-1.821489,88.175034
535,1000101022,-89.351807,-0.346069,0.55481
536,1000101023,-88.801392,-1.165649,0.235657
537,1000101024,-88.834587,-0.863635,0.792554
538,1000101025,-88.274658,-0.277965,1.705155
539,1000101026,-88.887474,-0.545087,0.979651
540,1000101018,-0.137878,-2.30658,87.692871
541,1000101019,-0.058997,-2.36239,87.634514
542,1000101020,-0.109644,-2.251263,87.748474
543,1000101021,-0.105743,-1.823016,88.174698
544,1000101022,-89.34082,-0.368042,0.55481
545,1000101023,-88.81842,-1.177734,0.22467
546,1000101024,-88.830605,-0.864075,0.80376
547,1000101025,-88.27536,-0.277438,1.705891
548,1000101026,-88.8834,-0.545966,0.971851
549,1000101018,-0.14447,-2.31427,87.682434
550,1000101019,-0.067126,-2.360523,87.637932
551,1000101020,-0.101898,-2.255933,87.742332
552,1000101021,-0.10203,-1.822698,88.17263
553,1000101022,-89.351807,-0.368042,0.549316
554,1000101023,-88.801392,-1.175537,0.215881
555,1000101024,-88.837425,-0.862866,0.792444
556,1000101025,-88.272934,-0.275416,1.702672
557,1000101026,-88.876862,-0.544702,0.977783
558,1000101018,-0.143372,-2.307678,87.683533
559,1000101019,-0.076135,-2.363818,87.639801
560,1000101020,-0.102667,-2.254559,87.744347
561,1000101021,-0.108776,-1.821808,88.172417
562,1000101022,-89.318848,-0.368042,0.582275
563,1000101023,-88.816772,-1.164551,0.213135
564,1000101024,-88.83049,-0.863855,0.784644
565,1000101025,-88.273209,-0.274087,1.708165
566,1000101026,-88.883171,-0.54613,0.982947
567,1000101018,-0.15271,-2.312073,87.683533
568,1000101019,-0.06416,-2.359204,87.640251
569,1000101020,-0.094867,-2.247034,87.752151
570,1000101021,-0.106249,-1.82261,88.1717
571,1000101022,-89.329834,-0.346069,0.571289
572,1000101023,-88.810181,-1.172241,0.23291
573,1000101024,-88.821609,-0.862646,0.799255
574,1000101025,-88.275124,-0.274856,1.702343
575,1000101026,-88.882248,-0.547449,0.983331
576,1000101018,-0.141724,-2.309875,87.687378
577,1000101019,-0.059436,-2.361621,87.637268
578,1000101020,-0.107117,-2.248956,87.747841
579,1000101021,-0.102393,-1.823401,88.170792
580,1000101022,-89.346313,-0.368042,0.549316
581,1000101023,-88.807434,-1.157959,0.240051
582,1000101024,-88.826637,-0.856714,0.792664
583,1000101025,-88.274239,-0.278987,1.709615
584,1000101026,-88.879082,-0.545746,0.973169
585,1000101018,-0.138428,-2.30603,87.686829
586,1000101019,-0.065808,-2.361182,87.640137
587,1000101020,-0.103217,-2.251758,87.746185
588,1000101021,-0.107809,-1.822972,88.172462
589,1000101022,-89.335327,-0.373535,0.571289
590,1000101023,-88.804688,-1.168396,0.235657
591,1000101024,-88.831825,-0.864954,0.80387
592,1000101025,-88.275276,-0.277581,1.706913
593,1000101026,-88.881775,-0.546185,0.982617
594,1000101017,-0.142822,-1.763306,88.231201
595,1000101018,-0.153809,-2.305481,87.68573
596,1000101019,-0.05647,-2.359973,87.635712
597,1000101020,-0.097394,-2.254724,87.742279
598,1000101021,-0.105425,-1.822379,88.174362
599,1000101022,-89.34082,-0.357056,0.565796
600,1000101023,-88.81073,-1.162354,0.234009
601,1000101024,-88.830719,-0.864075,0.793872
602,1000101025,-88.274033,-0.276405,1.706364
603,1000101026,-88.882019,-0.541956,0.975641
604,1000101017,-0.131836,-1.774292,88.220215
605,1000101018,-0.138977,-2.307129,87.690674
606,1000101019,-0.057349,-2.362939,87.638145
607,1000101020,-0.094922,-2.247089,87.750458
608,1000101021,-0.104854,-1.82049,88.175232
609,1000101022,-89.362793,-0.346069,0.543823
610,1000101023,-88.803589,-1.160706,0.232361
611,1000101024,-88.838287,-0.869348,0.792773
612,1000101025,-88.273483,-0.276262,1.703353
613,1000101026,-88.887909,-0.54646,0.978827
614,1000101017,-0.131836,-1.774292,88.220215
615,1000101018,-0.143372,-2.318115,87.684631
616,1000101019,-0.066467,-2.361182,87.63781
617,1000101020,-0.104974,-2.251483,87.745781
618,1000101021,-0.102162,-1.822357,88.173477
619,1000101022,-89.324341,-0.373535,0.565796
620,1000101023,-88.805237,-1.185425,0.241699
621,1000101024,-88.831497,-0.859241,0.78783
622,1000101025,-88.274857,-0.274658,1.705364
623,1000101026,-88.882423,-0.546844,0.979047
624,1000101017,-0.131836,-1.768799,88.220215
625,1000101018,-0.151062,-2.305481,87.686829
626,1000101019,-0.061084,-2.360193,87.63974
627,1000101020,-0.09267,-2.246759,87.753441
628,1000101021,-0.106732,-1.821291,88.175705
629,1000101022,-89.362793,-0.357056,0.55481
630,1000101023,-88.812927,-1.176636,0.258728
631,1000101024,-88.825783,-0.858142,0.790576
632,1000101025,-88.274651,-0.277185,1.701804
633,1000101026,-88.88179,-0.547009,0.981244
634,1000101017,-0.137329,-1.774292,88.220215
635,1000101018,-0.142822,-2.303833,87.687927
636,1000101019,-0.062183,-2.360083,87.641602
637,1000101020,-0.104205,-2.255109,87.745361
638,1000101021,-0.104755,-1.821335,88.175362
639,1000101022,-89.34082,-0.357056,0.55481
640,1000101023,-88.804688,-1.164551,0.22467
641,1000101024,-88.83017,-0.863855,0.782117
642,1000101025,-88.275841,-0.27602,1.704595
643,1000101026,-88.879601,-0.545526,0.97251
644,1000101017,-0.137329,-1.774292,88.220215
645,1000101018,-0.141724,-2.307129,87.692871
646,1000101019,-0.076575,-2.36217,87.639046
647,1000101020,-0.105908,-2.251483,87.744736
648,1000101021,-0.107963,-1.820951,88.173622
649,1000101022,-89.324341,-0.368042,0.549316
650,1000101023,-88.801392,-1.1651,0.253235
651,1000101024,-88.836311,-0.862756,0.790247
652,1000101025,-88.27066,-0.276834,1.703452
653,1000101026,-88.880241,-0.536407,0.977618
654,1000101017,-0.142822,-1.768799,88.225708
655,1000101018,-0.138428,-2.307129,87.681885
656,1000101019,-0.067236,-2.363269,87.639626
657,1000101020,-0.093549,-2.246594,87.750587
658,1000101021,-0.103019,-1.823104,88.172539
659,1000101022,-89.34082,-0.373535,0.549316
660,1000101023,-88.803589,-1.169495,0.266968
661,1000101024,-88.828743,-0.861877,0.786511
662,1000101025,-88.278084,-0.276779,1.704924
663,1000101026,-88.88575,-0.545416,0.982123
664,1000101017,-0.12085,-1.768799,88.231201
665,1000101018,-0.154358,-2.307129,87.683533
666,1000101019,-0.057129,-2.358655,87.637032
667,1000101020,-0.104095,-2.250934,87.746056
668,1000101021,-0.103634,-1.822654,88.171478
669,1000101022,-89.318848,-0.368042,0.571289
670,1000101023,-88.80249,-1.172241,0.245544
671,1000101024,-88.837669,-0.858142,0.792224
672,1000101025,-88.275444,-0.274911,1.703309
673,1000101026,-88.883453,-0.548767,0.98476
674,1000101017,-0.131836,-1.768799,88.231201
675,1000101018,-0.142822,-2.307129,87.689575
676,1000101019,-0.067786,-2.357446,87.640381
677,1000101020,-0.103162,-2.250549,87.745514
678,1000101021,-0.107534,-1.821193,88.174118
679,1000101022,-89.329834,-0.351562,0.565796
680,1000101023,-88.798645,-1.187622,0.24884
681,1000101024,-88.834671,-0.864514,0.787061
682,1000101025,-88.275948,-0.27679,1.705408
683,1000101026,-88.879784,-0.544977,0.979596
684,1000101017,-0.137329,-1.768799,88.225708
685,1000101018,-0.143921,-2.309326,87.679138
686,1000101019,-0.07207,-2.361731,87.636719
687,1000101020,-0.101074,-2.252252,87.742859
688,1000101021,-0.10604,-1.820479,88.174599
689,1000101022,-89.324341,-0.362549,0.576782
690,1000101023,-88.809631,-1.174988,0.255432
691,1000101024,-88.828522,-0.864514,0.785962
692,1000101025,-88.276688,-0.273461,1.703375
693,1000101026,-88.880722,-0.546075,0.982068
694,1000101017,-0.131836,-1.774292,88.220215
695,1000101018,-0.141174,-2.308777,87.681885
696,1000101019,-0.076135,-2.359643,87.638145
697,1000101020,-0.101953,-2.25368,87.740448
698,1000101021,-0.105216,-1.821379,88.173416
699,1000101022,-89.34082,-0.357056,0.543823
700,1000101023,-88.801392,-1.180481,0.226868
701,1000101024,-88.834785,-0.861768,0.790576
702,1000101025,-88.275429,-0.276537,1.704661
703,1000101026,-88.87764,-0.543878,0.978168
704,1000101017,-0.142822,-1.774292,88.220215
705,1000101018,-0.142822,-2.307129,87.685181
706,1000101019,-0.063062,-2.361401,87.642166
707,1000101020,-0.104645,-2.253186,87.745056
708,1000101021,-0.105623,-1.820764,88.174301
709,1000101022,-89.346313,-0.368042,0.560303
710,1000101023,-88.799194,-1.18103,0.255432
711,1000101024,-88.834236,-0.85957,0.791785
712,1000101025,-88.275749,-0.276998,1.702595
713,1000101026,-88.880333,-0.544373,0.9763
714,1000101017,-2.987732,-1.756824,86.532921
715,1000101018,-0.149963,-2.30603,87.691223
716,1000101019,-0.073389,-2.36261,87.637268
717,1000101020,-0.105249,-2.254449,87.745598
718,1000101021,-0.101667,-1.823555,88.173729
719,1000101022,-89.362793,-0.351562,0.53833
720,1000101023,-88.806335,-1.164001,0.255432
721,1000101024,-88.826111,-0.865063,0.79519
722,1000101025,-88.275032,-0.275625,1.703485
723,1000101026,-88.886078,-0.544043,0.978662
724,1000101017,-2.421167,-1.758472,87.00872
725,1000101018,-2.987237,-2.274609,86.24469
726,1000101019,-2.907806,-2.352887,86.261902
727,1000101020,-2.944665,-2.213031,86.313293
728,1000101021,-0.107007,-1.82128,88.174362
729,1000101022,-89.346313,-0.357056,0.549316
730,1000101023,-88.806335,-1.17334,0.232361
731,1000101024,-88.832367,-0.863416,0.789587
732,1000101025,-88.275856,-0.275493,1.70443
733,1000101026,-88.879196,-0.549261,0.977289
734,1000101017,-2.423584,-1.757428,87.003166
735,1000101018,-2.432044,-2.282849,86.66301
736,1000101019,-2.353217,-2.354865,86.670662
737,1000101020,-2.375299,-2.214844,86.749435
738,1000101021,-2.952631,-1.808075,86.533844
739,1000101022,-86.755516,-3.194165,0.596283
740,1000101023,-85.993172,-4.000781,0.236261
741,1000101024,-88.830498,-0.864734,0.789148
742,1000101025,-88.275154,-0.275691,1.699475
743,1000101026,-88.877029,-0.544647,0.986407
744,1000101017,-2.428033,-1.758362,87.009178
745,1000101018,-2.431,-2.286584,86.659256
746,1000101019,-2.359479,-2.355689,86.670059
747,1000101020,-2.376398,-2.215778,86.75045
748,1000101021,-2.392108,-1.814941,87.000885
749,1000101022,-87.308342,-2.631171,0.584418
750,1000101023,-86.551384,-3.441028,0.248071
751,1000101024,-86.229492,-3.698273,0.762726
752,1000101025,-86.471077,-3.108691,1.673328
753,1000101026,-86.482796,-3.384119,0.982123
754,1000101017,-1.857898,-1.761053,87.445442
755,1000101018,-2.435449,-2.282794,86.664886
756,1000101019,-2.347064,-2.354974,86.677986
757,1000101020,-2.384473,-2.223523,86.742775
758,1000101021,-2.389087,-1.81593,86.996201
759,1000101022,-87.30735,-2.636389,0.581232
760,1000101023,-86.551872,-3.437677,0.251477
761,1000101024,-86.776291,-3.13764,0.773108
762,1000101025,-86.958031,-2.548663,1.677667
763,1000101026,-87.017166,-2.822662,0.985309
764,1000101017,-1.859546,-1.757812,87.445099
765,1000101018,-2.432428,-2.280597,86.667725
766,1000101019,-1.779071,-2.357172,87.048897
767,1000101020,-1.821753,-2.228467,87.123497
768,1000101021,-2.39101,-1.81626,87.000725
769,1000101022,-87.309349,-2.63172,0.588153
770,1000101023,-86.554482,-3.434821,0.247577
771,1000101024,-86.777161,-3.134564,0.774976
772,1000101025,-86.950996,-2.549872,1.681073
773,1000101026,-87.018417,-2.823102,0.973444
774,1000101017,-1.857184,-1.762042,87.436691
775,1000101018,-1.861633,-2.287518,87.053955
776,1000101019,-1.782916,-2.355798,87.043137
777,1000101020,-1.814886,-2.223743,87.134789
778,1000101021,-1.823895,-1.817303,87.426422
779,1000101022,-87.857422,-2.063342,0.578375
780,1000101023,-87.114326,-2.871991,0.260101
781,1000101024,-86.775017,-3.132642,0.772833
782,1000101025,-86.950951,-2.552838,1.678601
783,1000101026,-87.01873,-2.819257,0.977893
784,1000101017,-1.291003,-1.768414,87.816856
785,1000101018,-1.863007,-2.288013,87.046692
786,1000101019,-1.790881,-2.35816,87.039597
787,1000101020,-1.820929,-2.228577,87.122444
788,1000101021,-1.829443,-1.817688,87.422546
789,1000101022,-87.855194,-2.068286,0.580518
790,1000101023,-87.112679,-2.87699,0.254608
791,1000101024,-87.314911,-2.574866,0.775854
792,1000101025,-87.39872,-1.986053,1.684259
793,1000101026,-87.539841,-2.251758,0.977289
794,1000101017,-1.285895,-1.767865,87.814667
795,1000101018,-1.868225,-2.285156,87.051117
796,1000101019,-1.208826,-2.356732,87.346161
797,1000101020,-1.246893,-2.239069,87.439774
798,1000101021,-1.820325,-1.813898,87.425186
799,1000101022,-87.852638,-2.077679,0.585077
800,1000101023,-87.114456,-2.877429,0.268341
801,1000101024,-87.318291,-2.565912,0.774152
802,1000101025,-87.396881,-1.98512,1.681677
803,1000101026,-87.542542,-2.253351,0.981079
804,1000101017,-1.283203,-1.76792,87.816277
805,1000101018,-1.292102,-2.296747,87.368164
806,1000101019,-1.219427,-2.358435,87.345284
807,1000101020,-1.248212,-2.238794,87.434433
808,1000101021,-1.254419,-1.818127,87.794304
809,1000101022,-87.857445,-2.071472,0.577386
810,1000101023,-87.679298,-2.310864,0.260321
811,1000101024,-87.320702,-2.573163,0.77948
812,1000101025,-87.398506,-1.982593,1.678931
813,1000101026,-87.545609,-2.260382,0.979047
814,1000101017,-0.7073,-1.765393,88.102882
815,1000101018,-1.291168,-2.295483,87.366936
816,1000101019,-1.21778,-2.355359,87.345154
817,1000101020,-1.240356,-2.232587,87.44593
818,1000101021,-1.25365,-1.817633,87.793503
819,1000101022,-88.395935,-1.497162,0.577661
820,1000101023,-87.682343,-2.316962,0.270099
821,1000101024,-87.851608,-2.00484,0.77926
822,1000101025,-87.796135,-1.419983,1.688489
823,1000101026,-88.04538,-1.692609,0.979431
824,1000101017,-0.125903,-1.769073,88.227226
825,1000101018,-1.294464,-2.298889,87.36528
826,1000101019,-0.635394,-2.358875,87.558044
827,1000101020,-0.682361,-2.243079,87.655037
828,1000101021,-1.255188,-1.817578,87.794464
829,1000101022,-88.395233,-1.497876,0.571783
830,1000101023,-87.677528,-2.309766,0.262463
831,1000101024,-87.855286,-2.004126,0.781458
832,1000101025,-87.791527,-1.416852,1.689038
833,1000101026,-88.05027,-1.685962,0.980255
834,1000101017,-0.137769,-1.77204,88.224586
835,1000101018,-0.715814,-2.300977,87.58889
836,1000101019,-0.071027,-2.36261,87.633514
837,1000101020,-0.103986,-2.252417,87.741638
838,1000101021,-0.684009,-1.818347,88.061218
839,1000101022,-88.393372,-1.505182,0.569037
840,1000101023,-88.240204,-1.748254,0.274603
841,1000101024,-87.858719,-2.006708,0.77926
842,1000101025,-87.792786,-1.41828,1.6875
843,1000101026,-88.054726,-1.684808,0.983936
844,1000101017,-0.13656,-1.770612,88.222946
845,1000101018,-0.144855,-2.308008,87.685791
846,1000101019,-0.06839,-2.357281,87.639435
847,1000101020,-0.104865,-2.252637,87.745499
848,1000101021,-0.10459,-1.818073,88.17881
849,1000101022,-88.917503,-0.932355,0.559698
850,1000101023,-88.804031,-1.166144,0.281854
851,1000101024,-88.363167,-1.432672,0.777722
852,1000101025,-88.102829,-0.844629,1.700629
853,1000101026,-88.511757,-1.116596,0.985803
854,1000101017,0.444342,-1.775006,88.16806
855,1000101018,-0.145679,-2.306525,87.689903
856,1000101019,-0.062732,-2.357446,87.639519
857,1000101020,-0.104205,-2.249066,87.747276
858,1000101021,-0.107117,-1.822687,88.175529
859,1000101022,-89.337029,-0.358429,0.567609
860,1000101023,-88.804794,-1.169165,0.278119
861,1000101024,-88.832184,-0.861053,0.786127
862,1000101025,-88.277023,-0.274054,1.708154
863,1000101026,-88.878197,-0.547504,0.985748
864,1000101017,0.448407,-1.769073,88.175041
865,1000101018,-0.147272,-2.307294,87.685364
866,1000101019,0.518884,-2.361456,87.579842
867,1000101020,0.481366,-2.262854,87.685097
868,1000101021,-0.10426,-1.821149,88.175217
869,1000101022,-89.339035,-0.360516,0.562665
870,1000101023,-88.800491,-1.166144,0.285315
871,1000101024,-88.840309,-0.858966,0.786841
872,1000101025,-88.280655,-0.276361,1.702826
873,1000101026,-88.876427,-0.547174,0.98443
874,1000101017,0.45022,-1.76814,88.176094
875,1000101018,0.434949,-2.315698,87.64196
876,1000101019,0.51048,-2.363818,87.581825
877,1000101020,0.478784,-2.26159,87.683525
878,1000101021,0.472467,-1.822412,88.116631
879,1000101022,-89.340446,-0.360516,0.556512
880,1000101023,-89.344856,-0.594305,0.279382
881,1000101024,-88.831306,-0.860834,0.782336
882,1000101025,-88.2836,-0.271967,1.698926
883,1000101026,-88.878342,-0.541187,0.985309
884,1000101017,1.029419,-1.771545,87.947487
885,1000101018,0.433575,-2.312787,87.648193
886,1000101019,0.511139,-2.36283,87.583832
887,1000101020,0.475983,-2.260602,87.682999
888,1000101021,0.473566,-1.82005,88.116112
889,1000101022,-89.399719,0.22088,0.562885
890,1000101023,-89.337479,-0.596228,0.286469
891,1000101024,-89.166016,-0.283063,0.806342
892,1000101025,-88.272423,0.306189,1.70387
893,1000101026,-89.012482,0.037408,0.98454
894,1000101017,1.022552,-1.776544,87.94986
895,1000101018,0.436926,-2.317786,87.642967
896,1000101019,1.086823,-2.362115,87.397667
897,1000101020,1.057544,-2.270325,87.491898
898,1000101021,0.475433,-1.823511,88.1138
899,1000101022,-89.401581,0.218848,0.557227
900,1000101023,-89.343887,-0.59491,0.288666
901,1000101024,-89.158028,-0.284271,0.794092
902,1000101025,-88.264885,0.302454,1.708649
903,1000101026,-89.019524,0.033014,0.984705
904,1000101017,1.607465,-1.777972,87.600311
905,1000101018,1.013324,-2.319214,87.469391
906,1000101019,1.094183,-2.36261,87.394424
907,1000101020,1.057159,-2.268127,87.497757
908,1000101021,1.052765,-1.821094,87.893799
909,1000101022,-89.40049,0.218079,0.557886
910,1000101023,-89.713264,-0.016589,0.292072
911,1000101024,-89.156593,-0.284436,0.80332
912,1000101025,-88.269958,0.304047,1.705792
913,1000101026,-89.015549,0.030597,0.984595
914,1000101017,1.617572,-1.769403,87.599457
915,1000101018,1.021399,-2.320148,87.464638
916,1000101019,1.678381,-2.363489,87.097191
917,1000101020,1.645093,-2.27428,87.190559
918,1000101021,1.053754,-1.823785,87.890419
919,1000101022,-89.027588,0.796124,0.551184
920,1000101023,-89.709023,-0.017798,0.288007
921,1000101024,-89.152695,0.29361,0.798706
922,1000101024,-89.152695,0.29361,0.798706
923,1000101025,-88.079109,0.886652,1.710022
924,1000101026,-88.833923,0.612653,0.990253
925,1000101017,1.616309,-1.770227,87.600433
926,1000101018,1.59137,-2.324652,87.176895
927,1000101019,1.683325,-2.363654,87.097771
928,1000101020,1.638501,-2.277136,87.19323
929,1000101021,1.635535,-1.824884,87.544281
930,1000101022,-89.031815,0.798706,0.552447
931,1000101023,-89.362862,0.563379,0.302563
932,1000101024,-89.147888,0.292181,0.793543
933,1000101025,-88.07589,0.882806,1.714801
934,1000101026,-88.837746,0.61062,0.986078
935,1000101017,1.606531,-1.774841,87.603767
936,1000101018,1.598071,-2.324158,87.179344
937,1000101019,1.672064,-2.366345,87.09549
938,1000101020,1.637402,-2.277301,87.192879
939,1000101021,1.638446,-1.823016,87.545013
940,1000101022,-88.523193,1.371039,0.551349
941,1000101023,-89.360703,0.563049,0.290973
942,1000101024,-88.810699,0.872809,0.804584
943,1000101025,-87.742462,1.462116,1.714911
944,1000101026,-88.447433,1.193994,0.993658
945,1000101017,2.196991,-1.781433,87.167488
946,1000101018,1.598236,-2.32674,87.175537
947,1000101019,1.676074,-2.370904,87.09623
948,1000101020,1.633557,-2.277081,87.194
949,1000101021,1.640863,-1.830267,87.544884
950,1000101022,-88.519768,1.379718,0.54223
951,1000101023,-89.357658,0.563544,0.305969
952,1000101024,-88.815422,0.873633,0.80398
953,1000101025,-87.746063,1.465356,1.718207
954,1000101026,-88.451286,1.195917,0.988495
955,1000101017,2.195014,-1.776599,87.177284
956,1000101018,1.601147,-2.329266,87.174782
957,1000101019,2.260602,-2.368488,86.724182
958,1000101020,2.23418,-2.279883,86.806007
959,1000101021,1.64317,-1.824719,87.539162
960,1000101022,-88.517929,1.376642,0.548767
961,1000101023,-89.360565,0.564368,0.298059
962,1000101024,-88.814674,0.873798,0.801508
963,1000101025,-87.741035,1.461896,1.717602
964,1000101026,-88.450607,1.1935,0.990198
965,1000101017,2.790143,-1.77182,86.687523
966,1000101018,2.189246,-2.334979,86.795135
967,1000101019,2.267084,-2.365851,86.717667
968,1000101020,2.232367,-2.280542,86.805687
969,1000101021,2.223193,-1.825653,87.117645
970,1000101022,-88.518867,1.376971,0.54657
971,1000101023,-88.810883,1.147137,0.304266
972,1000101024,-88.807831,0.874402,0.793488
973,1000101025,-87.745537,1.464313,1.71958
974,1000101026,-88.450294,1.190314,0.987561
975,1000101017,2.784814,-1.78028,86.692772
976,1000101018,2.188916,-2.331793,86.793533
977,1000101019,2.845459,-2.369202,86.29303
978,1000101020,2.824036,-2.284552,86.360657
979,1000101021,2.224841,-1.825708,87.12011
980,1000101022,-87.962502,1.958533,0.538275
981,1000101023,-88.811813,1.149554,0.301245
982,1000101024,-88.331764,1.455963,0.813153
983,1000101025,-87.322479,2.046698,1.714526
984,1000101026,-87.965881,1.775391,0.989429
985,1000101017,2.789209,-1.776325,86.684685
986,1000101018,2.774982,-2.341681,86.366516
987,1000101019,2.854578,-2.363928,86.285721
988,1000101020,2.810577,-2.286804,86.365349
989,1000101021,2.820355,-1.829993,86.636063
990,1000101022,-87.966736,1.961774,0.543439
991,1000101023,-88.237862,1.734082,0.308331
992,1000101024,-88.330208,1.455688,0.808759
993,1000101025,-87.319199,2.04884,1.719635
994,1000101026,-87.963211,1.781598,0.987726
995,1000101017,2.792999,-1.773578,86.689117
996,1000101018,2.77229,-2.339429,86.363258
997,1000101019,2.854193,-2.364148,86.28598
998,1000101020,2.821509,-2.288013,86.36171
999,1000101021,2.812171,-1.823621,86.640472
1000,1000101022,-87.39753,2.550751,0.528442
1001,1000101023,-88.237068,1.734247,0.311682
1002,1000101024,-87.800652,2.039941,0.813757
1003,1000101025,-86.844681,2.632928,1.720898
1004,1000101026,-87.434723,2.364258,0.992834
1005,1000101017,2.195398,-1.781653,87.169472
1006,1000101018,2.783331,-2.336023,86.363251
1007,1000101019,2.85293,-2.364423,86.284592
1008,1000101020,2.825244,-2.2901,86.360657
1009,1000101021,2.817389,-1.830322,86.635704
1010,1000101022,-87.399559,2.548004,0.533881
1011,1000101023,-88.238976,1.729797,0.310419
1012,1000101024,-87.795448,2.040491,0.812769
1013,1000101025,-86.852013,2.639136,1.722492
1014,1000101026,-87.437836,2.363983,0.990967
1015,1000101017,2.192596,-1.777863,87.167969
1016,1000101018,2.773059,-2.335803,86.370949
1017,1000101019,2.26637,-2.36272,86.71917
1018,1000101020,2.23418,-2.281366,86.803886
1019,1000101021,2.821509,-1.830487,86.635155
1020,1000101022,-87.393967,2.548773,0.526959
1021,1000101023,-88.239609,1.733148,0.316461
1022,1000101024,-87.801407,2.045544,0.804913
1023,1000101025,-86.846642,2.633203,1.735071
1024,1000101026,-87.437424,2.36239,0.99234
1025,1000101017,2.194794,-1.775061,87.176445
1026,1000101018,2.190948,-2.334759,86.797745
1027,1000101019,2.265601,-2.364478,86.723907
1028,1000101020,2.22616,-2.283728,86.808556
1029,1000101021,2.226709,-1.825928,87.111893
1030,1000101022,-87.395256,2.550421,0.539264
1031,1000101023,-88.809776,1.146039,0.307947
1032,1000101024,-87.80014,2.048346,0.820624
1033,1000101025,-86.849098,2.638422,1.724854
1034,1000101026,-87.431885,2.364642,0.990912
1035,1000101017,1.608124,-1.770886,87.604958
1036,1000101018,2.178589,-2.33009,86.80098
1037,1000101019,2.254175,-2.366894,86.729004
1038,1000101020,2.230335,-2.284827,86.807068
1039,1000101021,2.228302,-1.823291,87.123398
1040,1000101022,-87.966019,1.960455,0.548822
1041,1000101023,-88.808258,1.148456,0.311572
1042,1000101024,-88.328468,1.460742,0.811066
1043,1000101025,-87.323944,2.04884,1.722821
1044,1000101026,-87.966209,1.777478,0.993604
1045,1000101017,1.60719,-1.778247,87.600204
1046,1000101018,2.189026,-2.33031,86.798378
1047,1000101019,1.679041,-2.366345,87.098434
1048,1000101020,1.634491,-2.279663,87.193054
1049,1000101021,2.222424,-1.824115,87.116585
1050,1000101022,-87.967323,1.962598,0.535968
1051,1000101023,-88.811432,1.149664,0.315637
1052,1000101024,-88.33548,1.458545,0.806616
1053,1000101025,-87.326622,2.049939,1.721777
1054,1000101026,-87.961113,1.781818,0.99234
1055,1000101017,1.137524,-1.770666,87.89093
1056,1000101018,1.60351,-2.323444,87.176506
1057,1000101019,1.672339,-2.362939,87.099815
1058,1000101020,1.6396,-2.277686,87.193893
1059,1000101021,1.638446,-1.822632,87.546295
1060,1000101022,-87.968773,1.965179,0.543549
1061,1000101023,-89.359154,0.564258,0.307123
1062,1000101024,-88.327911,1.457831,0.804419
1063,1000101025,-87.328125,2.046808,1.71524
1064,1000101026,-87.962929,1.775775,0.988934
1065,1000101017,1.03299,-1.769952,87.950226
1066,1000101018,1.605157,-2.325146,87.174774
1067,1000101019,1.203552,-2.364423,87.344803
1068,1000101020,1.171692,-2.268567,87.446289
1069,1000101021,1.644379,-1.825378,87.544373
1070,1000101022,-88.521996,1.381256,0.54234
1071,1000101023,-89.360413,0.564423,0.303717
1072,1000101024,-88.820198,0.873962,0.808209
1073,1000101025,-87.749016,1.464532,1.715845
1074,1000101026,-88.450218,1.190753,0.989429
1075,1000101017,1.022443,-1.770996,87.952385
1076,1000101018,1.130328,-2.325366,87.414894
1077,1000101019,1.086932,-2.362555,87.39386
1078,1000101020,1.051502,-2.26593,87.495888
1079,1000101021,1.172076,-1.82417,87.831413
1080,1000101022,-88.517441,1.376752,0.545691
1081,1000101023,-89.684776,0.100635,0.299323
1082,1000101024,-88.811462,0.873798,0.803265
1083,1000101025,-87.748909,1.460742,1.713757
1084,1000101026,-88.44928,1.190369,0.985693
1085,1000101017,0.439893,-1.769073,88.176308
1086,1000101018,1.022003,-2.320148,87.464104
1087,1000101019,1.094293,-2.36217,87.391365
1088,1000101020,1.058917,-2.270489,87.493965
1089,1000101021,1.053424,-1.821039,87.894051
1090,1000101022,-88.937576,0.911865,0.549042
1091,1000101023,-89.689896,-0.020819,0.297125
1092,1000101024,-89.101715,0.407538,0.801123
1093,1000101025,-88.019379,0.995801,1.713318
1094,1000101026,-88.771347,0.723395,0.991186
1095,1000101017,0.439728,-1.775501,88.172653
1096,1000101018,1.020136,-2.319653,87.466904
1097,1000101019,0.508282,-2.362061,87.584541
1098,1000101020,0.475708,-2.261426,87.685684
1099,1000101021,1.055676,-1.821918,87.890732
1100,1000101022,-89.031319,0.797443,0.553986
1101,1000101023,-89.700684,-0.011481,0.303223
1102,1000101024,-89.149338,0.294324,0.797662
1103,1000101025,-88.074318,0.886377,1.711176
1104,1000101026,-88.834198,0.608148,0.995526
1105,1000101017,0.449835,-1.768414,88.176117
1106,1000101018,0.437421,-2.31839,87.640312
1107,1000101019,0.511688,-2.362115,87.580956
1108,1000101020,0.483453,-2.254999,87.691605
1109,1000101021,0.477795,-1.820654,88.114021
1110,1000101022,-89.037399,0.797937,0.545801
1111,1000101023,-89.341194,-0.59046,0.295038
1112,1000101024,-89.15033,0.294873,0.793982
1113,1000101025,-88.072639,0.880499,1.710901
1114,1000101026,-88.832855,0.611499,0.987067
1115,1000101017,-0.139197,-1.769403,88.225334
1116,1000101018,0.438409,-2.316412,87.641121
1117,1000101019,0.507074,-2.361237,87.583611
1118,1000101020,0.474005,-2.258954,87.690002
1119,1000101021,0.478619,-1.823126,88.111473
1120,1000101022,-89.393929,0.213629,0.563708
1121,1000101023,-89.340202,-0.592163,0.290588
1122,1000101024,-89.162796,-0.287567,0.790906
1123,1000101025,-88.269882,0.30564,1.705518
1124,1000101026,-89.008881,0.034222,0.988165
1125,1000101017,-0.135901,-1.769897,88.223381
1126,1000101018,0.438354,-2.312787,87.64595
1127,1000101019,-0.072839,-2.360797,87.636345
1128,1000101020,-0.093823,-2.248297,87.74498
1129,1000101021,0.473071,-1.820984,88.117256
1130,1000101022,-89.399857,0.220825,0.557007
1131,1000101023,-89.340973,-0.591064,0.29707
1132,1000101024,-89.16494,-0.288116,0.793762
1133,1000101025,-88.266808,0.30531,1.704858
1134,1000101026,-89.005852,0.0323,0.98866
1135,1000101017,-0.714496,-1.768909,88.096832
1136,1000101018,-0.143756,-2.308337,87.690765
1137,1000101019,-0.07196,-2.360687,87.637383
1138,1000101020,-0.099591,-2.24978,87.751457
1139,1000101021,-0.106952,-1.820325,88.176559
1140,1000101022,-89.403343,0.221265,0.558215
1141,1000101023,-88.801903,-1.173944,0.28927
1142,1000101024,-89.161453,-0.288062,0.792224
1143,1000101025,-88.27253,0.303552,1.699805
1144,1000101026,-89.015457,0.02829,0.986407
1145,1000101017,-0.706091,-1.762646,88.100563
1146,1000101018,-0.14881,-2.307513,87.686813
1147,1000101019,-0.643579,-2.361017,87.555008
1148,1000101020,-0.680548,-2.244452,87.654404
1149,1000101021,-0.107446,-1.821478,88.176468
1150,1000101022,-89.335548,-0.362604,0.55882
1151,1000101023,-88.802559,-1.172626,0.288171
1152,1000101024,-88.837311,-0.859241,0.790137
1153,1000101025,-88.277908,-0.271582,1.696344
1154,1000101026,-88.86747,-0.543329,0.9841
1155,1000101017,-0.712299,-1.770447,88.091446
1156,1000101018,-0.71543,-2.298944,87.591911
1157,1000101019,-0.645337,-2.360523,87.552025
1158,1000101020,-0.678461,-2.246759,87.652367
1159,1000101021,-0.682581,-1.819336,88.058846
1160,1000101022,-89.338402,-0.354089,0.556897
1161,1000101023,-88.238312,-1.741003,0.283008
1162,1000101024,-88.835541,-0.860504,0.788104
1163,1000101025,-88.275078,-0.270538,1.691949
1164,1000101026,-88.867752,-0.542285,0.991296
1165,1000101017,-1.287927,-1.761328,87.817444
1166,1000101018,-0.72746,-2.300537,87.589035
1167,1000101019,-0.643304,-2.356952,87.556366
1168,1000101020,-0.67934,-2.242364,87.653458
1169,1000101021,-0.680768,-1.820544,88.057014
1170,1000101022,-88.911522,-0.929004,0.567938
1171,1000101023,-88.241776,-1.74375,0.286304
1172,1000101024,-88.375908,-1.436627,0.784973
1173,1000101025,-88.109711,-0.844025,1.693158
1174,1000101026,-88.510979,-1.116266,0.988275
1175,1000101017,-1.288202,-1.767316,87.814308
1176,1000101018,-0.72334,-2.302405,87.586449
1177,1000101019,-1.22168,-2.356622,87.346413
1178,1000101020,-1.25387,-2.237805,87.439743
1179,1000101021,-0.681537,-1.818512,88.055374
1180,1000101022,-88.914444,-0.936749,0.572662
1181,1000101023,-88.239479,-1.742047,0.284271
1182,1000101024,-88.371559,-1.431024,0.786072
1183,1000101025,-88.110909,-0.845288,1.694147
1184,1000101026,-88.509377,-1.115772,0.982343
1185,1000101017,-1.286719,-1.76748,87.811623
1186,1000101018,-1.293695,-2.295923,87.366486
1187,1000101019,-1.209265,-2.357501,87.348732
1188,1000101020,-1.240192,-2.232147,87.447502
1189,1000101021,-1.255243,-1.816864,87.791634
1190,1000101022,-88.910477,-0.930267,0.57019
1191,1000101023,-87.677811,-2.310535,0.278339
1192,1000101024,-88.366951,-1.433936,0.783105
1193,1000101025,-88.110458,-0.844299,1.688544
1194,1000101026,-88.514259,-1.118079,0.987067
1195,1000101017,-1.858337,-1.75957,87.441742
1196,1000101018,-1.289301,-2.296088,87.369659
1197,1000101019,-1.215857,-2.357227,87.346878
1198,1000101020,-1.254364,-2.237915,87.434998
1199,1000101021,-1.255847,-1.818073,87.792259
1200,1000101022,-88.398048,-1.504083,0.582056
1201,1000101023,-87.67762,-2.312457,0.278998
1202,1000101024,-87.857559,-1.998633,0.775909
1203,1000101025,-87.802101,-1.415918,1.689642
1204,1000101026,-88.048622,-1.682941,0.988001
1205,1000101017,-2.42688,-1.762866,87.009163
1206,1000101018,-1.291443,-2.296637,87.364967
1207,1000101019,-1.789948,-2.356403,87.040436
1208,1000101020,-1.807471,-2.225336,87.134674
1209,1000101021,-1.24953,-1.817688,87.794548
1210,1000101022,-88.398361,-1.496613,0.567609
1211,1000101023,-87.680481,-2.313501,0.283228
1212,1000101024,-87.85997,-2.001709,0.772174
1213,1000101025,-87.80307,-1.415149,1.68316
1214,1000101026,-88.044159,-1.688269,0.981628
1215,1000101017,-2.98927,-1.761822,86.532692
1216,1000101018,-1.864709,-2.289001,87.047073
1217,1000101019,-2.356073,-2.357227,86.673134
1218,1000101020,-2.382935,-2.22182,86.739212
1219,1000101021,-1.822522,-1.816919,87.428734
1220,1000101022,-88.400276,-1.498535,0.576892
1221,1000101023,-87.119164,-2.876605,0.279877
1222,1000101024,-87.853539,-2.002862,0.7797
1223,1000101025,-87.804382,-1.420093,1.685467
1224,1000101026,-88.051094,-1.686346,0.987506
1225,1000101017,-2.987787,-1.75545,86.533615
1226,1000101018,-2.434241,-2.280322,86.664612
1227,1000101019,-2.916541,-2.35415,86.251045
1228,1000101020,-2.948456,-2.20946,86.312149
1229,1000101021,-2.391449,-1.814227,86.99424
1230,1000101022,-87.856682,-2.068726,0.580243
1231,1000101023,-86.551437,-3.43927,0.273614
1232,1000101024,-87.316963,-2.56756,0.773657
1233,1000101025,-87.401657,-1.986548,1.685687
1234,1000101026,-87.542625,-2.252801,0.983716
1235,1000101017,-2.981799,-1.754956,86.539612
1236,1000101018,-2.99685,-2.279224,86.234093
1237,1000101019,-2.908576,-2.348438,86.26004
1238,1000101020,-2.947302,-2.209735,86.317413
1239,1000101021,-2.956805,-1.813843,86.53241
1240,1000101022,-87.305313,-2.632764,0.584418
1241,1000101023,-85.989197,-3.99809,0.273889
1242,1000101024,-86.772919,-3.13808,0.770142
1243,1000101025,-86.95047,-2.552014,1.67168
1244,1000101026,-87.018021,-2.821234,0.977838
1245,1000101017,-2.988117,-1.758691,86.533913
1246,1000101018,-2.996906,-2.274664,86.238983
1247,1000101019,-2.90918,-2.348602,86.26075
1248,1000101020,-2.950653,-2.209845,86.318359
1249,1000101021,-2.957355,-1.812909,86.534332
1250,1000101022,-86.757278,-3.190265,0.592328
1251,1000101023,-85.995338,-4.005066,0.271033
1252,1000101024,-86.231102,-3.695746,0.778656
1253,1000101025,-86.475197,-3.111493,1.669977
1254,1000101026,-86.477386,-3.381317,0.982452
1255,1000101017,-2.979602,-1.756659,86.538818
1256,1000101018,-2.990588,-2.27785,86.241676
1257,1000101019,-2.918738,-2.352173,86.25544
1258,1000101020,-2.939337,-2.207922,86.323074
1259,1000101021,-2.954114,-1.812854,86.534386
1260,1000101022,-86.754333,-3.192023,0.593976
1261,1000101023,-85.995979,-3.99787,0.269055
1262,1000101024,-86.231667,-3.696405,0.761188
1263,1000101025,-86.476875,-3.110944,1.673108
1264,1000101026,-86.480583,-3.381702,0.982178
1265,1000101017,-2.984271,-1.758746,86.531456
1266,1000101018,-2.99751,-2.276532,86.238281
1267,1000101019,-2.910004,-2.352722,86.259186
1268,1000101020,-2.946533,-2.215942,86.319405
1269,1000101021,-2.958728,-1.815601,86.533356
1270,1000101022,-86.755096,-3.197076,0.601611
1271,1000101023,-85.990959,-3.998804,0.273669
1272,1000101024,-86.231346,-3.694318,0.758221
1273,1000101025,-86.477402,-3.108636,1.666132
1274,1000101026,-86.479729,-3.380988,0.988055
1275,1000101017,-2.988721,-1.753198,86.533371
1276,1000101018,-2.995642,-2.2784,86.235809
1277,1000101019,-2.915991,-2.352118,86.254013
1278,1000101020,-2.950159,-2.209735,86.313347
1279,1000101021,-2.955817,-1.814172,86.532928
1280,1000101022,-86.760185,-3.196637,0.589636
1281,1000101023,-85.998779,-3.999463,0.275647
1282,1000101024,-86.232849,-3.694153,0.769757
1283,1000101025,-86.476204,-3.108087,1.665308
1284,1000101026,-86.482796,-3.384228,0.98009
1285,1000101017,-2.429242,-1.758032,86.99865
1286,1000101018,-2.9896,-2.279334,86.241661
1287,1000101019,-2.916211,-2.354041,86.248711
1288,1000101020,-2.947632,-2.216437,86.312424
1289,1000101021,-2.95719,-1.810382,86.531982
1290,1000101022,-86.755661,-3.192352,0.592163
1291,1000101023,-86.000488,-4.001935,0.276086
1292,1000101024,-86.230911,-3.689484,0.758002
1293,1000101025,-86.470413,-3.110394,1.666241
1294,1000101026,-86.484032,-3.383075,0.985638
1295,1000101017,-2.425232,-1.763525,87.003639
1296,1000101018,-2.988721,-2.278784,86.238655
1297,1000101019,-2.360138,-2.352777,86.669022
1298,1000101020,-2.393811,-2.219952,86.735695
1299,1000101021,-2.957959,-1.814227,86.535286
1300,1000101022,-86.754677,-3.194055,0.592493
1301,1000101023,-85.993683,-3.998804,0.27757
1302,1000101024,-86.231125,-3.699042,0.766461
1303,1000101025,-86.472771,-3.111163,1.666187
1304,1000101026,-86.484261,-3.382526,0.983112
1305,1000101017,-2.422156,-1.762427,87.002029
1306,1000101018,-2.440118,-2.281641,86.663185
1307,1000101019,-2.353381,-2.355469,86.669815
1308,1000101020,-2.377991,-2.221875,86.744499
1309,1000101021,-2.392602,-1.814996,86.997559
1310,1000101022,-86.753166,-3.190704,0.591779
1311,1000101023,-86.550179,-3.44317,0.272186
1312,1000101024,-86.234833,-3.694757,0.760034
1313,1000101025,-86.471581,-3.107977,1.675745
1314,1000101026,-86.480637,-3.382361,0.985748
1315,1000101017,-2.424902,-1.764514,87.004768
1316,1000101018,-2.431824,-2.281256,86.66494
1317,1000101019,-2.351184,-2.358051,86.66925
1318,1000101020,-2.389307,-2.21825,86.742561
1319,1000101021,-2.396118,-1.81192,86.996346
1320,1000101022,-87.31221,-2.631665,0.584473
1321,1000101023,-86.555038,-3.445807,0.27735
1322,1000101024,-86.76339,-3.139069,0.77146
1323,1000101025,-86.950325,-2.548608,1.673547
1324,1000101026,-87.013741,-2.811951,0.985693
1325,1000101017,-2.419189,-1.762756,87.001854
1326,1000101018,-2.434241,-2.284222,86.658928
1327,1000101019,-2.345636,-2.35448,86.676369
1328,1000101020,-2.388373,-2.218524,86.743385
1329,1000101021,-2.389087,-1.815326,86.998627
1330,1000101022,-87.312302,-2.6315,0.582605
1331,1000101023,-86.553619,-3.442127,0.281799
1332,1000101024,-86.779129,-3.133685,0.768549
1333,1000101025,-86.948097,-2.552728,1.673108
1334,1000101026,-87.012253,-2.821344,0.981903
1335,1000101017,-2.4271,-1.757373,87.005852
1336,1000101018,-2.430396,-2.284277,86.662483
1337,1000101019,-2.343494,-2.355798,86.679169
1338,1000101020,-2.380902,-2.221216,86.74295
1339,1000101021,-2.394031,-1.81225,86.997673
1340,1000101022,-87.304939,-2.630896,0.592163
1341,1000101023,-86.551613,-3.441467,0.279987
1342,1000101024,-86.777718,-3.130939,0.764868
1343,1000101025,-86.955742,-2.547565,1.671075
1344,1000101026,-87.015099,-2.822717,0.988495
1345,1000101017,-2.41908,-1.764514,87.001488
1346,1000101018,-2.431879,-2.279114,86.666634
1347,1000101019,-2.3547,-2.355249,86.6688
1348,1000101020,-2.384088,-2.222809,86.743889
1349,1000101021,-2.391943,-1.814282,87.000519
1350,1000101022,-87.307938,-2.62804,0.584253
1351,1000101023,-86.55706,-3.439545,0.288336
1352,1000101024,-86.779518,-3.131049,0.770691
1353,1000101025,-86.953102,-2.548334,1.673383
1354,1000101026,-87.016121,-2.819366,0.983276
1355,1000101017,-2.427924,-1.755341,87.000969
1356,1000101018,-2.432428,-2.284332,86.661865
1357,1000101019,-2.350854,-2.357062,86.669922
1358,1000101020,-2.387769,-2.216656,86.744255
1359,1000101021,-2.392438,-1.815106,87.001442
1360,1000101022,-87.31089,-2.634631,0.586725
1361,1000101023,-86.555794,-3.437567,0.276746
1362,1000101024,-86.779686,-3.132532,0.773767
1363,1000101025,-86.956779,-2.553882,1.676239
1364,1000101026,-87.02005,-2.81673,0.990967
1365,1000101017,-2.422375,-1.765448,87.001945
1366,1000101018,-2.428967,-2.283069,86.665863
1367,1000101019,-2.355194,-2.351514,86.674957
1368,1000101020,-2.375739,-2.215393,86.753845
1369,1000101021,-2.388648,-1.816919,86.999588
1370,1000101022,-87.308517,-2.632764,0.592108
1371,1000101023,-86.554207,-3.440808,0.284875
1372,1000101024,-86.776543,-3.135223,0.774097
1373,1000101025,-86.953934,-2.551245,1.676624
1374,1000101026,-87.015846,-2.817773,0.992065
1375,1000101017,-2.418475,-1.759515,87.012482
1376,1000101018,-2.421332,-2.28241,86.666306
1377,1000101019,-2.344647,-2.353601,86.676765
1378,1000101020,-2.387274,-2.219842,86.74295
1379,1000101021,-2.392493,-1.814117,87.000908
1380,1000101022,-87.305756,-2.630841,0.593317
1381,1000101023,-86.554825,-3.44306,0.284491
1382,1000101024,-86.77153,-3.135388,0.77168
1383,1000101025,-86.950859,-2.549872,1.676843
1384,1000101026,-87.015388,-2.818872,0.982837
1385,1000101017,-2.412598,-1.755121,87.013916
1386,1000101018,-2.427429,-2.284112,86.66629
1387,1000101019,-2.343109,-2.353546,86.677246
1388,1000101020,-2.384912,-2.219293,86.742195
1389,1000101021,-2.393866,-1.817303,86.996117
1390,1000101022,-87.308517,-2.629962,0.591888
1391,1000101023,-86.552826,-3.43927,0.276031
1392,1000101024,-86.780701,-3.133795,0.767505
1393,1000101025,-86.954529,-2.550311,1.669373
1394,1000101026,-87.016449,-2.81684,0.987231
1395,1000101017,-2.421607,-1.759076,87.002968
1396,1000101018,-2.425122,-2.28241,86.668594
1397,1000101019,-2.345801,-2.355304,86.680206
1398,1000101020,-2.389416,-2.220886,86.739632
1399,1000101021,-2.389581,-1.81593,87.000618
1400,1000101022,-87.308586,-2.632159,0.591229
1401,1000101023,-86.556305,-3.437347,0.282129
1402,1000101024,-86.77404,-3.136597,0.775085
1403,1000101025,-86.952522,-2.551355,1.670856
1404,1000101026,-87.016769,-2.818158,0.985364
1405,1000101017,-2.426495,-1.758087,87.007385
1406,1000101018,-2.430505,-2.28175,86.664932
1407,1000101019,-2.352612,-2.356128,86.671669
1408,1000101020,-2.378925,-2.215832,86.754852
1409,1000101021,-2.393042,-1.809778,86.998802
1410,1000101022,-87.307327,-2.629797,0.586615
1411,1000101023,-86.556862,-3.442071,0.286853
1412,1000101024,-86.777649,-3.136377,0.769373
1413,1000101025,-86.948318,-2.55119,1.674866
1414,1000101026,-87.019493,-2.820795,0.982343
1415,1000101017,-2.425122,-1.761328,87.005234
1416,1000101018,-2.426495,-2.285046,86.665695
1417,1000101019,-2.34212,-2.3508,86.679863
1418,1000101020,-2.389032,-2.220612,86.737762
1419,1000101021,-2.390296,-1.81181,87.004196
1420,1000101022,-87.30455,-2.628699,0.587274
1421,1000101023,-86.552513,-3.443115,0.288226
1422,1000101024,-86.777908,-3.131543,0.764868
1423,1000101025,-86.950684,-2.55531,1.682666
1424,1000101026,-87.019554,-2.818817,0.977673
1425,1000101017,-2.424298,-1.759186,87.006737
1426,1000101018,-2.427209,-2.280212,86.671623
1427,1000101019,-2.353986,-2.353766,86.672249
1428,1000101020,-2.388373,-2.219018,86.742676
1429,1000101021,-2.390186,-1.814282,87.001877
1430,1000101022,-87.3088,-2.627875,0.589526
1431,1000101023,-86.556335,-3.435919,0.286359
1432,1000101024,-86.780663,-3.13418,0.769922
1433,1000101025,-86.954216,-2.549652,1.669922
1434,1000101026,-87.021027,-2.815576,0.986188
1435,1000101017,-2.424023,-1.75589,87.004745
1436,1000101018,-2.431494,-2.283893,86.665192
1437,1000101019,-2.344153,-2.355633,86.673737
1438,1000101020,-2.37887,-2.216656,86.751999
1439,1000101021,-2.395898,-1.813129,87.00032
1440,1000101022,-87.308357,-2.632489,0.58645
1441,1000101023,-86.556526,-3.439874,0.286359
1442,1000101024,-86.772614,-3.129401,0.770142
1443,1000101025,-86.954735,-2.55108,1.671735
1444,1000101026,-87.013336,-2.815631,0.982507
1445,1000101017,-2.424408,-1.758307,87.006729
1446,1000101018,-2.431934,-2.285486,86.665154
1447,1000101019,-2.359149,-2.357337,86.670074
1448,1000101020,-2.376013,-2.218634,86.748123
1449,1000101021,-2.389526,-1.809503,87.002159
1450,1000101022,-87.312019,-2.63128,0.587439
1451,1000101023,-86.552879,-3.445093,0.284106
1452,1000101024,-86.779449,-3.134674,0.770197
1453,1000101025,-86.953789,-2.549597,1.673822
1454,1000101026,-87.017731,-2.819366,0.989868
1455,1000101017,-2.425122,-1.76424,87.00071
1456,1000101018,-2.430835,-2.280597,86.665909
1457,1000101019,-2.351953,-2.354535,86.671013
1458,1000101020,-2.388592,-2.219238,86.739548
1459,1000101021,-2.392163,-1.813074,87.001961
1460,1000101022,-87.310196,-2.631555,0.585461
1461,1000101023,-86.553856,-3.43938,0.283337
1462,1000101024,-86.776009,-3.135553,0.770471
1463,1000101025,-86.955223,-2.553223,1.670966
1464,1000101026,-87.017639,-2.822333,0.987451
1465,1000101017,-2.425397,-1.760175,87.004562
1466,1000101018,-2.425397,-2.285596,86.664375
1467,1000101019,-2.355908,-2.354535,86.669319
1468,1000101020,-2.387714,-2.219293,86.743927
1469,1000101021,-2.394141,-1.815491,86.997696
1470,1000101022,-87.308449,-2.633368,0.588098
1471,1000101023,-86.551102,-3.441577,0.28114
1472,1000101024,-86.774414,-3.135059,0.770636
1473,1000101025,-86.959373,-2.548059,1.670032
1474,1000101026,-87.017204,-2.818433,0.98432
1475,1000101017,-2.421771,-1.762592,87.006653
1476,1000101018,-2.429242,-2.283124,86.666458
1477,1000101019,-2.344318,-2.355139,86.677063
1478,1000101020,-2.386725,-2.217206,86.744598
1479,1000101021,-2.391119,-1.817468,87.004677
1480,1000101022,-87.311043,-2.630402,0.587714
1481,1000101023,-86.559364,-3.441907,0.290094
1482,1000101024,-86.779091,-3.135718,0.766406
1483,1000101025,-86.949394,-2.547675,1.679645
1484,1000101026,-87.017693,-2.821564,0.990088
1485,1000101017,-2.41452,-1.755725,87.010284
1486,1000101018,-2.432922,-2.284168,86.66655
1487,1000101019,-2.35415,-2.355414,86.672707
1488,1000101020,-2.383319,-2.219018,86.743416
1489,1000101021,-2.389197,-1.815381,86.997314
1490,1000101022,-87.310677,-2.632599,0.58689
1491,1000101023,-86.555847,-3.440479,0.284106
1492,1000101024,-86.774437,-3.133026,0.768494
1493,1000101025,-86.95472,-2.553552,1.67157
1494,1000101026,-87.016937,-2.817609,0.979926
1495,1000101017,-2.422485,-1.75957,87.005333
1496,1000101018,-2.429572,-2.283673,86.660858
1497,1000101019,-2.346735,-2.354095,86.678894
1498,1000101020,-2.377496,-2.21402,86.751991
1499,1000101021,-2.3948,-1.814062,87.001282
1500,1000101022,-87.307152,-2.631885,0.587439
1501,1000101023,-86.556847,-3.440204,0.282294
1502,1000101024,-86.77446,-3.136157,0.770966
1503,1000101025,-86.955536,-2.546741,1.669977
1504,1000101026,-87.018532,-2.819257,0.992889
1505,1000101017,-2.418915,-1.758197,87.013977
1506,1000101018,-2.434625,-2.280212,86.665314
1507,1000101019,-2.343384,-2.355798,86.677658
1508,1000101020,-2.384637,-2.223578,86.744781
1509,1000101021,-2.390131,-1.811206,86.998711
1510,1000101022,-87.307526,-2.626721,0.584473
1511,1000101023,-86.555626,-3.437842,0.284161
1512,1000101024,-86.77459,-3.13764,0.765582
1513,1000101025,-86.956192,-2.546301,1.674152
1514,1000101026,-87.01944,-2.820026,0.984045
1515,1000101017,-2.417432,-1.756274,87.014374
1516,1000101018,-2.429132,-2.284497,86.665977
1517,1000101019,-2.35481,-2.354645,86.670509
1518,1000101020,-2.381726,-2.221765,86.743919
1519,1000101021,-2.392548,-1.812085,86.997528
1520,1000101022,-87.305183,-2.630896,0.587988
1521,1000101023,-86.55349,-3.439764,0.282349
1522,1000101024,-86.777161,-3.133575,0.76723
1523,1000101025,-86.950325,-2.547015,1.672998
1524,1000101026,-87.021439,-2.821234,0.990088
1525,1000101017,-2.41452,-1.756714,87.011223
1526,1000101018,-2.428198,-2.283893,86.664597
1527,1000101019,-2.341187,-2.356513,86.677361
1528,1000101020,-2.387714,-2.217865,86.744186
1529,1000101021,-2.387988,-1.813623,86.998161
1530,1000101022,-87.310699,-2.632104,0.59469
1531,1000101023,-86.554085,-3.436908,0.290479
1532,1000101024,-86.778709,-3.131323,0.770471
1533,1000101025,-86.955658,-2.548553,1.676514
1534,1000101026,-87.020401,-2.817114,0.981464
1535,1000101017,-2.418091,-1.763525,87.002785
1536,1000101018,-2.430231,-2.281531,86.667473
1537,1000101019,-2.34635,-2.352667,86.680527
1538,1000101020,-2.374585,-2.21759,86.750587
1539,1000101021,-2.38689,-1.815765,87.00219
1540,1000101022,-87.312927,-2.629578,0.596722
1541,1000101023,-86.554886,-3.438117,0.280975
1542,1000101024,-86.780403,-3.136597,0.767285
1543,1000101025,-86.952499,-2.549762,1.670142
1544,1000101026,-87.018738,-2.822278,0.98822
1545,1000101017,-2.41463,-1.756989,87.015129
1546,1000101018,-2.426825,-2.283288,86.666779
1547,1000101019,-2.34679,-2.355414,86.680779
1548,1000101020,-2.384088,-2.221765,86.741722
1549,1000101021,-2.389252,-1.815875,86.998756
1550,1000101022,-87.3088,-2.630786,0.585571
1551,1000101023,-86.552513,-3.438446,0.287787
1552,1000101024,-86.772049,-3.133301,0.770087
1553,1000101025,-86.961563,-2.549323,1.66767
1554,1000101026,-87.014168,-2.817719,0.991077
1555,1000101017,-2.417377,-1.756769,87.012108
1556,1000101018,-2.428583,-2.280762,86.671318
1557,1000101019,-2.353931,-2.357556,86.669586
1558,1000101020,-2.382715,-2.2216,86.742744
1559,1000101021,-2.391229,-1.815436,86.996307
1560,1000101022,-87.310539,-2.627875,0.584308
1561,1000101023,-86.557159,-3.441962,0.2896
1562,1000101024,-86.776657,-3.132861,0.771735
1563,1000101025,-86.955353,-2.550037,1.674152
1564,1000101026,-87.021164,-2.816895,0.981738
1565,1000101017,-2.423364,-1.762152,87.004593
1566,1000101018,-2.424188,-2.284387,86.666359
1567,1000101019,-2.350964,-2.357007,86.673553
1568,1000101020,-2.376068,-2.21402,86.752663
1569,1000101021,-2.388648,-1.814337,87.004837
1570,1000101022,-87.306618,-2.631006,0.59024
1571,1000101023,-86.551666,-3.441083,0.283667
1572,1000101024,-86.774513,-3.131927,0.779645
1573,1000101025,-86.955315,-2.546411,1.670251
1574,1000101026,-87.016212,-2.818597,0.989319
1575,1000101017,-2.423309,-1.757922,87.004875
1576,1000101018,-2.429462,-2.282904,86.673309
1577,1000101019,-2.345526,-2.356732,86.677521
1578,1000101020,-2.374255,-2.216327,86.752403
1579,1000101021,-2.391943,-1.813184,87.002159
1580,1000101022,-87.310829,-2.625513,0.581726
1581,1000101023,-86.551689,-3.440369,0.288446
1582,1000101024,-86.778961,-3.129236,0.768164
1583,1000101025,-86.956825,-2.550256,1.669537
1584,1000101026,-87.017532,-2.817773,0.988879
1585,1000101017,-2.42298,-1.765668,87.004105
1586,1000101018,-2.427429,-2.282245,86.674744
1587,1000101019,-2.355414,-2.356732,86.668274
1588,1000101020,-2.37887,-2.214899,86.748596
1589,1000101021,-2.391778,-1.81181,86.999649
1590,1000101022,-87.311829,-2.629083,0.591943
1591,1000101023,-86.558006,-3.444818,0.284875
1592,1000101024,-86.777496,-3.137201,0.764264
1593,1000101025,-86.954697,-2.549103,1.673218
1594,1000101026,-87.022438,-2.823047,0.989758
1595,1000101017,-2.420618,-1.766437,87.006111
1596,1000101018,-2.425012,-2.281586,86.669876
1597,1000101019,-2.345911,-2.355249,86.675781
1598,1000101020,-2.380847,-2.217975,86.74881
1599,1000101021,-2.389087,-1.815875,87.000397
1600,1000101022,-87.309395,-2.633588,0.59458
1601,1000101023,-86.558327,-3.448224,0.28515
1602,1000101024,-86.778831,-3.137695,0.772888
1603,1000101025,-86.957596,-2.550861,1.670636
1604,1000101026,-87.018791,-2.819806,0.988605
1605,1000101017,-2.42287,-1.762262,87.003586
1606,1000101018,-2.427264,-2.283179,86.667229
1607,1000101019,-2.354645,-2.357501,86.670944
1608,1000101020,-2.382221,-2.221051,86.741806
1609,1000101021,-2.384747,-1.815875,87.00296
1610,1000101022,-87.310242,-2.630786,0.588318
1611,1000101023,-86.556404,-3.442841,0.291083
1612,1000101024,-86.7724,-3.134619,0.768823
1613,1000101025,-86.954659,-2.546741,1.673383
1614,1000101026,-87.016914,-2.820685,0.98476
1615,1000101017,-2.422705,-1.762372,87.004105
1616,1000101018,-2.431165,-2.281366,86.670792
1617,1000101019,-2.351404,-2.356842,86.670746
1618,1000101020,-2.373267,-2.214679,86.749344
1619,1000101021,-2.391394,-1.81571,86.997246
1620,1000101022,-87.308693,-2.629413,0.585352
1621,1000101023,-86.54998,-3.438061,0.287512
1622,1000101024,-86.776947,-3.130609,0.768219
1623,1000101025,-86.951927,-2.549597,1.668658
1624,1000101026,-87.016495,-2.819476,0.992889
1625,1000101017,-2.416333,-1.758142,87.013123
1626,1000101018,-2.427429,-2.282629,86.665695
1627,1000101019,-2.353546,-2.356952,86.671677
1628,1000101020,-2.382165,-2.220007,86.742722
1629,1000101021,-2.391064,-1.815051,87.002991
1630,1000101022,-87.314056,-2.632104,0.59447
1631,1000101023,-86.558395,-3.441247,0.286523
1632,1000101024,-86.780106,-3.132532,0.772888
1633,1000101025,-86.955284,-2.547894,1.668439
1634,1000101026,-87.016563,-2.812775,0.984485
1635,1000101017,-1.275732,-1.759351,87.821251
1636,1000101018,-2.429352,-2.282629,86.670059
1637,1000101019,-2.344098,-2.354315,86.680267
1638,1000101020,-2.378155,-2.211877,86.749847
1639,1000101021,-2.385132,-1.81571,87.001648
1640,1000101022,-87.313721,-2.628424,0.585132
1641,1000101023,-86.553123,-3.434711,0.28949
1642,1000101024,-86.777267,-3.136926,0.769098
1643,1000101025,-86.953888,-2.548938,1.666681
1644,1000101026,-87.019501,-2.816565,0.98877
1645,1000101017,-1.284741,-1.761603,87.816963
1646,1000101018,-2.428253,-2.285156,86.664192
1647,1000101019,-1.209814,-2.358819,87.34906
1648,1000101020,-1.247278,-2.235828,87.441132
1649,1000101021,-2.385791,-1.814667,86.999664
1650,1000101022,-87.311874,-2.63139,0.581726
1651,1000101023,-86.551384,-3.440588,0.298279
1652,1000101024,-86.771774,-3.129016,0.768604
1653,1000101025,-86.954941,-2.553058,1.671185
1654,1000101026,-87.018196,-2.816895,0.98454
1655,1000101017,-1.290234,-1.7599,87.817215
1656,1000101018,-1.288806,-2.294879,87.371689
1657,1000101019,-1.205804,-2.35838,87.352547
1658,1000101020,-1.237061,-2.232587,87.44635
1659,1000101021,-1.255902,-1.820215,87.791847
1660,1000101022,-87.309883,-2.631885,0.593317
1661,1000101023,-87.676727,-2.311523,0.296796
1662,1000101024,-86.773438,-3.135718,0.771625
1663,1000101025,-86.955574,-2.543829,1.674206
1664,1000101026,-87.01889,-2.820575,0.983826
1665,1000101017,-1.288806,-1.762262,87.817284
1666,1000101018,-1.294409,-2.295044,87.368454
1667,1000101019,-1.214044,-2.361511,87.346603
1668,1000101020,-1.246838,-2.240662,87.436951
1669,1000101021,-1.258539,-1.813403,87.793488
1670,1000101022,-88.397766,-1.504742,0.57442
1671,1000101023,-87.673119,-2.308008,0.300696
1672,1000101024,-87.85527,-2.001105,0.78783
1673,1000101025,-87.798187,-1.418555,1.677393
1674,1000101026,-88.046295,-1.686621,0.98866
1675,1000101017,-1.27804,-1.75946,87.824211
1676,1000101018,-1.290949,-2.297186,87.36541
1677,1000101019,-1.21355,-2.357556,87.344177
1678,1000101020,-1.239917,-2.231543,87.446289
1679,1000101021,-1.256012,-1.819171,87.792038
1680,1000101022,-88.399124,-1.502545,0.573596
1681,1000101023,-87.675514,-2.311743,0.299268
1682,1000101024,-87.851501,-2.000171,0.776129
1683,1000101025,-87.803665,-1.417621,1.688654
1684,1000101026,-88.052536,-1.684918,0.990582
1685,1000101017,-1.283588,-1.766931,87.820007
1686,1000101018,-1.290234,-2.300043,87.364151
1687,1000101019,-1.207397,-2.355304,87.352325
1688,1000101020,-1.248926,-2.238629,87.441551
1689,1000101021,-1.254144,-1.817139,87.792175
1690,1000101022,-88.395721,-1.497931,0.57453
1691,1000101023,-87.679802,-2.309766,0.298773
1692,1000101024,-87.854202,-2.001379,0.781128
1693,1000101025,-87.800705,-1.424652,1.683215
1694,1000101026,-88.048073,-1.686566,0.995691
1695,1000101017,-1.287433,-1.762921,87.818871
1696,1000101018,-1.295508,-2.296747,87.363731
1697,1000101019,-1.218054,-2.360358,87.343376
1698,1000101020,-1.250134,-2.231103,87.44516
1699,1000101021,-1.254364,-1.82005,87.79287
1700,1000101022,-88.397316,-1.501611,0.576068
1701,1000101023,-87.6782,-2.310095,0.298773
1702,1000101024,-87.853073,-2.005719,0.777612
1703,1000101025,-87.798729,-1.417676,1.678272
1704,1000101026,-88.047546,-1.686511,0.983881
1705,1000101017,-1.283807,-1.762592,87.817688
1706,1000101018,-1.28963,-2.297351,87.366814
1707,1000101019,-1.21745,-2.359039,87.344032
1708,1000101020,-1.248376,-2.237476,87.436447
1709,1000101021,-1.251782,-1.817798,87.792793
1710,1000101022,-88.401367,-1.499744,0.574365
1711,1000101023,-87.679024,-2.310535,0.296631
1712,1000101024,-87.856224,-2.005994,0.787225
1713,1000101025,-87.803825,-1.415259,1.684479
1714,1000101026,-88.04496,-1.689038,0.993713
1715,1000101017,-1.279907,-1.769733,87.815094
1716,1000101018,-1.292212,-2.292682,87.370857
1717,1000101019,-1.218274,-2.359314,87.347313
1718,1000101020,-1.246674,-2.239398,87.43924
1719,1000101021,-1.256836,-1.815381,87.794014
1720,1000101022,-88.39975,-1.496503,0.575903
1721,1000101023,-87.676376,-2.311359,0.298773
1722,1000101024,-87.859032,-2.002368,0.776843
1723,1000101025,-87.803978,-1.419324,1.67948
1724,1000101026,-88.047409,-1.687115,0.995471
1725,1000101017,-1.287653,-1.765778,87.818954
1726,1000101018,-1.293036,-2.297791,87.365578
1727,1000101019,-1.218219,-2.360523,87.346756
1728,1000101020,-1.236621,-2.233081,87.446983
1729,1000101021,-1.254089,-1.818018,87.794334
1730,1000101022,-88.40007,-1.493811,0.574585
1731,1000101023,-87.678566,-2.313611,0.296631
1732,1000101024,-87.85527,-2.002972,0.790686
1733,1000101025,-87.799881,-1.416797,1.684369
1734,1000101026,-88.051193,-1.688709,0.998053
1735,1000101017,-1.276282,-1.763361,87.825706
1736,1000101018,-1.285236,-2.295044,87.369461
1737,1000101019,-1.207947,-2.359039,87.350273
1738,1000101020,-1.248926,-2.237311,87.442657
1739,1000101021,-1.248871,-1.818512,87.79554
1740,1000101022,-88.396484,-1.497437,0.574585
1741,1000101023,-87.68338,-2.303723,0.303113
1742,1000101024,-87.854736,-2.002258,0.778107
1743,1000101025,-87.801125,-1.415808,1.684918
1744,1000101026,-88.044769,-1.689972,0.98465
1745,1000101017,-1.282709,-1.767096,87.818977
1746,1000101018,-1.295453,-2.295978,87.364052
1747,1000101019,-1.211188,-2.361511,87.348778
1748,1000101020,-1.244861,-2.240277,87.438995
1749,1000101021,-1.250079,-1.819171,87.793732
1750,1000101022,-88.396629,-1.502216,0.573981
1751,1000101023,-87.67543,-2.309161,0.303223
1752,1000101024,-87.854744,-2.00094,0.781458
1753,1000101025,-87.802002,-1.419489,1.682611
1754,1000101026,-88.047928,-1.688269,0.984924
1755,1000101017,-0.13645,-1.769293,88.221535
1756,1000101018,-1.291937,-2.295758,87.370697
1757,1000101019,-1.211298,-2.358215,87.347824
1758,1000101020,-1.246289,-2.236267,87.437103
1759,1000101021,-1.249475,-1.818677,87.795418
1760,1000101022,-88.397018,-1.497491,0.576288
1761,1000101023,-87.682434,-2.303833,0.303552
1762,1000101024,-87.853317,-2.004895,0.778326
1763,1000101025,-87.79361,-1.421191,1.676898
1764,1000101026,-88.046852,-1.692719,0.99201
1765,1000101017,-0.135571,-1.769788,88.221527
1766,1000101018,-1.297485,-2.296088,87.366348
1767,1000101019,-0.058942,-2.362445,87.639412
1768,1000101020,-0.095911,-2.256482,87.743629
1769,1000101021,-1.250244,-1.818512,87.792702
1770,1000101022,-88.399864,-1.500897,0.574805
1771,1000101023,-87.679123,-2.30581,0.307123
1772,1000101024,-87.855247,-2.002203,0.782996
1773,1000101025,-87.80098,-1.419269,1.676898
1774,1000101026,-88.046394,-1.685083,0.987946
1775,1000101017,-0.138483,-1.768744,88.22908
1776,1000101018,-0.149469,-2.307788,87.688377
1777,1000101019,-0.062347,-2.360687,87.637909
1778,1000101020,-0.106787,-2.24989,87.746384
1779,1000101021,-0.106293,-1.822357,88.174377
1780,1000101022,-88.399879,-1.49859,0.581451
1781,1000101023,-88.798996,-1.166473,0.31322
1782,1000101024,-87.853981,-2.005444,0.778271
1783,1000101025,-87.803391,-1.417401,1.68316
1784,1000101026,-88.048401,-1.688269,0.993878
1785,1000101017,-0.138977,-1.773468,88.220497
1786,1000101018,-0.142822,-2.309436,87.68615
1787,1000101019,-0.063556,-2.362006,87.637558
1788,1000101020,-0.096844,-2.248737,87.743828
1789,1000101021,-0.105524,-1.819336,88.177536
1790,1000101022,-89.332687,-0.35755,0.56629
1791,1000101023,-88.795723,-1.166254,0.311298
1792,1000101024,-88.833183,-0.858417,0.786401
1793,1000101025,-88.280716,-0.269275,1.692279
1794,1000101026,-88.868576,-0.541571,0.994812
1795,1000101017,-0.135626,-1.772589,88.220901
1796,1000101018,-0.14848,-2.307733,87.683731
1797,1000101019,-0.070697,-2.360138,87.638046
1798,1000101020,-0.095306,-2.254449,87.745888
1799,1000101021,-0.103436,-1.824939,88.176407
1800,1000101022,-89.333191,-0.356232,0.573486
1801,1000101023,-88.794388,-1.163287,0.312671
1802,1000101024,-88.839203,-0.863196,0.784094
1803,1000101025,-88.286903,-0.273669,1.689697
1804,1000101026,-88.868713,-0.544263,0.986243
1805,1000101017,-0.138263,-1.773138,88.221428
1806,1000101018,-0.14024,-2.309436,87.685204
1807,1000101019,-0.064655,-2.361896,87.639534
1808,1000101020,-0.097064,-2.251758,87.747742
1809,1000101021,-0.103546,-1.820435,88.175316
1810,1000101022,-89.333389,-0.355682,0.569531
1811,1000101023,-88.79747,-1.166199,0.306573
1812,1000101024,-88.834625,-0.859021,0.787939
1813,1000101025,-88.281914,-0.277625,1.68371
1814,1000101026,-88.876312,-0.543713,0.99223
1815,1000101017,-0.135956,-1.774237,88.220116
1816,1000101018,-0.146283,-2.306744,87.689552
1817,1000101019,-0.06048,-2.361841,87.63752
1818,1000101020,-0.105524,-2.251923,87.748497
1819,1000101021,-0.107776,-1.82049,88.179001
1820,1000101022,-89.327843,-0.355023,0.564258
1821,1000101023,-88.80014,-1.169385,0.304871
1822,1000101024,-88.832855,-0.861548,0.787775
1823,1000101025,-88.288719,-0.275372,1.688599
1824,1000101026,-88.873779,-0.543823,0.984924
1825,1000101017,-0.137933,-1.768085,88.223015
1826,1000101018,-0.141888,-2.308447,87.685936
1827,1000101019,-0.065863,-2.360962,87.635994
1828,1000101020,-0.091187,-2.251648,87.751404
1829,1000101021,-0.105084,-1.820215,88.17807
1830,1000101022,-89.339394,-0.353979,0.561896
1831,1000101023,-88.795128,-1.164606,0.315967
1832,1000101024,-88.831322,-0.860504,0.788763
1833,1000101025,-88.288109,-0.276086,1.698376
1834,1000101026,-88.871758,-0.544373,0.997668
1835,1000101017,-0.133868,-1.770886,88.223396
1836,1000101018,-0.142053,-2.307568,87.687874
1837,1000101019,-0.058887,-2.361621,87.637619
1838,1000101020,-0.104755,-2.251538,87.744553
1839,1000101021,-0.110248,-1.819336,88.179001
1840,1000101022,-89.332878,-0.354529,0.564478
1841,1000101023,-88.799591,-1.166528,0.307013
1842,1000101024,-88.835579,-0.861108,0.784314
1843,1000101025,-88.282005,-0.27691,1.688983
1844,1000101026,-88.868469,-0.545636,0.995526
1845,1000101017,-0.130298,-1.767151,88.2304
1846,1000101018,-0.141888,-2.305536,87.688652
1847,1000101019,-0.057953,-2.358545,87.638565
1848,1000101020,-0.10069,-2.251263,87.748924
1849,1000101021,-0.105304,-1.821094,88.176895
1850,1000101022,-89.337044,-0.353979,0.560522
1851,1000101023,-88.797012,-1.166748,0.311023
1852,1000101024,-88.836273,-0.862537,0.793433
1853,1000101025,-88.286888,-0.27746,1.695685
1854,1000101026,-88.874054,-0.538165,0.993768
1855,1000101017,1.076495,-1.778247,87.931351
1856,1000101018,-0.147107,-2.308008,87.686546
1857,1000101019,-0.069269,-2.360303,87.638847
1858,1000101020,-0.106018,-2.253021,87.744728
1859,1000101021,-0.10025,-1.82038,88.176247
1860,1000101022,-89.33828,-0.358813,0.566565
1861,1000101023,-88.794678,-1.167407,0.322614
1862,1000101024,-88.836853,-0.856989,0.783765
1863,1000101025,-88.293167,-0.270813,1.687445
1864,1000101026,-88.866165,-0.543658,0.989044
1865,1000101017,1.025903,-1.774841,87.953835
1866,1000101018,-0.152655,-2.306744,87.685608
1867,1000101019,1.039801,-2.36239,87.407333
1868,1000101020,1.025958,-2.260492,87.516151
1869,1000101021,-0.099921,-1.822412,88.177208
1870,1000101022,-89.334564,-0.356781,0.565247
1871,1000101023,-88.799316,-1.16488,0.306244
1872,1000101024,-88.833344,-0.860175,0.784644
1873,1000101025,-88.284912,-0.278558,1.690137
1874,1000101026,-88.875771,-0.539923,0.994373
1875,1000101017,1.018817,-1.774402,87.949638
1876,1000101018,1.080176,-2.319434,87.446884
1877,1000101019,1.099786,-2.365576,87.38723
1878,1000101020,1.058203,-2.271259,87.498161
1879,1000101021,0.94422,-1.814612,87.915421
1880,1000101022,-89.331787,-0.361011,0.565686
1881,1000101023,-89.649704,0.025159,0.320581
1882,1000101024,-88.835594,-0.860614,0.794586
1883,1000101025,-88.287979,-0.271582,1.689587
1884,1000101026,-88.872337,-0.542285,0.992395
1885,1000101017,1.034967,-1.769897,87.951553
1886,1000101018,1.018927,-2.321631,87.466805
1887,1000101019,1.089185,-2.362994,87.396835
1888,1000101020,1.057983,-2.269281,87.490677
1889,1000101021,1.050293,-1.820325,87.891838
1890,1000101022,-89.064903,0.709167,0.556458
1891,1000101023,-89.675652,-0.011646,0.316681
1892,1000101024,-89.1558,0.246478,0.795081
1893,1000101025,-88.113808,0.797717,1.692883
1894,1000101026,-88.830605,0.623309,0.993604
1895,1000101017,1.024255,-1.774017,87.947479
1896,1000101018,1.01618,-2.321686,87.463509
1897,1000101019,1.100665,-2.364368,87.392555
1898,1000101020,1.06084,-2.270654,87.493919
1899,1000101021,1.050403,-1.822412,87.893112
1900,1000101022,-89.029335,0.79931,0.54657
1901,1000101023,-89.674774,-0.017084,0.323602
1902,1000101024,-89.159386,0.294983,0.794696
1903,1000101025,-88.080475,0.881158,1.700244
1904,1000101026,-88.831444,0.609741,0.990967
1905,1000101017,1.02074,-1.769952,87.952171
1906,1000101018,1.014697,-2.319269,87.467392
1907,1000101019,1.08468,-2.362335,87.398567
1908,1000101020,1.059412,-2.267743,87.494423
1909,1000101021,1.057214,-1.821533,87.89048
1910,1000101022,-89.024261,0.800848,0.556183
1911,1000101023,-89.681786,-0.016534,0.325195
1912,1000101024,-89.145927,0.294653,0.801562
1913,1000101025,-88.08419,0.878577,1.700189
1914,1000101026,-88.830696,0.608533,0.991461
1915,1000101017,1.032495,-1.773303,87.949455
1916,1000101018,1.014917,-2.320422,87.46286
1917,1000101019,1.091766,-2.360358,87.390739
1918,1000101020,1.058807,-2.269775,87.492012
1919,1000101021,1.05282,-1.821808,87.891808
1920,1000101022,-89.031456,0.801288,0.552722
1921,1000101023,-89.674744,-0.01604,0.321295
1922,1000101024,-89.151634,0.295367,0.794092
1923,1000101025,-88.086563,0.880554,1.709692
1924,1000101026,-88.838196,0.613971,0.993768
1925,1000101017,1.027002,-1.777094,87.947891
1926,1000101018,1.019312,-2.319324,87.463348
1927,1000101019,1.08891,-2.363379,87.394218
1928,1000101020,1.052216,-2.267908,87.499123
1929,1000101021,1.055951,-1.823126,87.891075
1930,1000101022,-89.029739,0.797388,0.552173
1931,1000101023,-89.677513,-0.011591,0.323163
1932,1000101024,-89.149315,0.29328,0.795465
1933,1000101025,-88.080437,0.885608,1.70376
1934,1000101026,-88.829453,0.611664,0.990198
1935,1000101017,1.031726,-1.770227,87.947624
1936,1000101018,1.018597,-2.323498,87.462868
1937,1000101019,1.087756,-2.365137,87.396111
1938,1000101020,1.057379,-2.267743,87.492767
1939,1000101021,1.05694,-1.822083,87.889847
1940,1000101022,-89.022888,0.796234,0.553326
1941,1000101023,-89.672188,-0.014777,0.322394
1942,1000101024,-89.149139,0.293115,0.800464
1943,1000101025,-88.077438,0.878192,1.706671
1944,1000101026,-88.836876,0.612872,0.989044
1945,1000101017,1.024585,-1.777423,87.947784
1946,1000101018,1.020081,-2.319049,87.466125
1947,1000101019,1.09259,-2.363599,87.395683
1948,1000101020,1.059796,-2.269556,87.489784
1949,1000101021,1.054578,-1.821149,87.892677
1950,1000101022,-89.025429,0.796069,0.553326
1951,1000101023,-89.680779,-0.010657,0.319977
1952,1000101024,-89.149811,0.291907,0.801617
1953,1000101025,-88.08168,0.878027,1.70354
1954,1000101026,-88.832344,0.610126,0.99212
1955,1000101017,1.035242,-1.767041,87.947395
1956,1000101018,1.022443,-2.319763,87.464661
1957,1000101018,1.022443,-2.319763,87.464661
1958,1000101019,1.08523,-2.366016,87.391647
1959,1000101020,1.054413,-2.268018,87.5
1960,1000101021,1.053424,-1.822412,87.893517
1961,1000101022,-89.032326,0.799695,0.546625
1962,1000101023,-89.679298,-0.012689,0.325085
1963,1000101024,-89.152634,0.292456,0.795081
1964,1000101025,-88.080605,0.881433,1.699146
1965,1000101026,-88.835228,0.607269,1.000031
1966,1000101017,1.027441,-1.774677,87.949532
1967,1000101018,1.021838,-2.321027,87.461639
1968,1000101018,1.021838,-2.321027,87.461639
1969,1000101019,1.097479,-2.36283,87.392288
1970,1000101020,1.055017,-2.266315,87.499962
1971,1000101021,1.055017,-1.82406,87.891563
1972,1000101022,-89.034515,0.799475,0.549921
1973,1000101023,-89.672127,-0.013733,0.322504
1974,1000101024,-89.154816,0.292401,0.788434
1975,1000101025,-88.086227,0.883136,1.695575
1976,1000101026,-88.831375,0.607599,0.997943
1977,1000101017,2.198529,-1.777094,87.167656
1978,1000101018,1.017004,-2.323498,87.462379
1979,1000101018,1.017004,-2.323498,87.462379
1980,1000101019,1.098468,-2.362775,87.39222
1981,1000101020,1.055127,-2.268292,87.493279
1982,1000101021,1.053973,-1.822742,87.893379
1983,1000101022,-89.022385,0.797388,0.555853
1984,1000101023,-89.67907,-0.01637,0.325031
1985,1000101024,-89.153297,0.292017,0.806232
1986,1000101025,-88.086517,0.881433,1.705298
1987,1000101026,-88.825714,0.610071,0.990472
1988,1000101017,2.203363,-1.773083,87.168808
1989,1000101018,1.0125,-2.320807,87.463371
1990,1000101018,1.0125,-2.320807,87.463371
1991,1000101019,2.257251,-2.367334,86.722565
1992,1000101020,2.217975,-2.28642,86.811111
1993,1000101021,1.053918,-1.822137,87.893448
1994,1000101022,-89.033165,0.801508,0.556677
1995,1000101023,-89.678596,-0.011481,0.323877
1996,1000101024,-89.15451,0.288007,0.799915
1997,1000101025,-88.083191,0.878577,1.702222
1998,1000101026,-88.83342,0.612653,0.998163
1999,1000101017,2.196112,-1.77962,87.174828
2000,1000101018,2.181445,-2.329047,86.800514
2001,1000101018,2.181445,-2.329047,86.800514
2002,1000101019,2.265271,-2.366016,86.720879
2003,1000101020,2.223962,-2.284772,86.805763
2004,1000101021,2.224622,-1.824994,87.120323
2005,1000101022,-89.025322,0.798212,0.554041
2006,1000101023,-88.801796,1.154059,0.334644
2007,1000101024,-89.145538,0.292456,0.80321
2008,1000101025,-88.083427,0.883411,1.702332
2009,1000101026,-88.82972,0.615509,0.99657
2010,1000101017,2.198419,-1.781049,87.169411
2011,1000101018,2.184082,-2.335583,86.796432
2012,1000101018,2.184082,-2.335583,86.796432
2013,1000101019,2.256702,-2.368817,86.724533
2014,1000101020,2.224017,-2.281586,86.81044
2015,1000101021,2.227533,-1.824664,87.120781
2016,1000101022,-87.963753,1.959137,0.537067
2017,1000101023,-88.807404,1.146149,0.332501
2018,1000101024,-88.330414,1.454425,0.807715
2019,1000101025,-87.3284,2.046808,1.708209
2020,1000101026,-87.964951,1.779456,0.999646
2021,1000101017,2.196167,-1.774731,87.174881
2022,1000101018,2.190674,-2.333276,86.796944
2023,1000101018,2.190674,-2.333276,86.796944
2024,1000101019,2.256702,-2.365796,86.728134
2025,1000101020,2.233136,-2.283838,86.806618
2026,1000101021,2.227698,-1.82428,87.113243
2027,1000101022,-87.966385,1.961884,0.550964
2028,1000101023,-88.802444,1.15274,0.333325
2029,1000101024,-88.336052,1.455139,0.801288
2030,1000101025,-87.333496,2.046368,1.705627
2031,1000101026,-87.954796,1.778027,0.999591
2032,1000101017,2.200726,-1.774347,87.17012
2033,1000101018,2.1854,-2.334759,86.798607
2034,1000101019,2.267194,-2.367389,86.719193
2035,1000101020,2.222864,-2.283398,86.807343
2036,1000101021,2.227313,-1.825873,87.118477
2037,1000101022,-87.962494,1.961115,0.540527
2038,1000101023,-88.80085,1.14939,0.340411
2039,1000101024,-88.32798,1.459149,0.813263
2040,1000101025,-87.327614,2.043732,1.71535
2041,1000101026,-87.957321,1.775171,0.994208
2042,1000101017,2.194574,-1.775775,87.176483
2043,1000101018,2.185126,-2.3341,86.797508
2044,1000101019,2.265546,-2.366126,86.723289
2045,1000101020,2.221436,-2.284168,86.80571
2046,1000101021,2.227753,-1.826038,87.114082
2047,1000101022,-87.964066,1.96452,0.540253
2048,1000101023,-88.803047,1.150763,0.339972
2049,1000101024,-88.332405,1.459589,0.813647
2050,1000101025,-87.335274,2.052026,1.712549
2051,1000101026,-87.962738,1.773358,0.995471
2052,1000101017,2.19754,-1.780939,87.173721
2053,1000101018,2.187323,-2.33432,86.797531
2054,1000101019,2.255438,-2.367004,86.725212
2055,1000101020,2.222809,-2.280377,86.810333
2056,1000101021,2.222754,-1.82373,87.116936
2057,1000101022,-87.96125,1.965399,0.532562
2058,1000101023,-88.80349,1.147687,0.332776
2059,1000101024,-88.333786,1.461237,0.801892
2060,1000101025,-87.325012,2.044611,1.708154
2061,1000101026,-87.960907,1.780389,0.994263
2062,1000101017,2.195837,-1.776819,87.175613
2063,1000101018,2.18595,-2.333935,86.795692
2064,1000101019,2.259228,-2.361676,86.725861
2065,1000101020,2.233136,-2.278674,86.805069
2066,1000101021,2.222095,-1.824335,87.120651
2067,1000101022,-87.959084,1.966827,0.545087
2068,1000101023,-88.803673,1.149609,0.337939
2069,1000101024,-88.330284,1.459698,0.800464
2070,1000101025,-87.330811,2.043237,1.70777
2071,1000101026,-87.95916,1.777643,0.987781
2072,1000101017,2.196496,-1.778851,87.172852
2073,1000101018,2.186279,-2.334924,86.797432
2074,1000101019,2.256152,-2.364862,86.729156
2075,1000101020,2.225665,-2.285211,86.804466
2076,1000101021,2.226874,-1.825873,87.116592
2077,1000101022,-87.963974,1.963916,0.537561
2078,1000101023,-88.804047,1.153015,0.337665
2079,1000101024,-88.33136,1.454865,0.809857
2080,1000101025,-87.335915,2.045764,1.714087
2081,1000101026,-87.959724,1.775116,1.002997
2082,1000101017,2.194519,-1.773798,87.174049
2083,1000101018,2.194849,-2.333771,86.798172
2084,1000101019,2.267249,-2.364752,86.71904
2085,1000101020,2.223468,-2.283893,86.807724
2086,1000101021,2.225501,-1.825488,87.120918
2087,1000101022,-87.964432,1.963641,0.545142
2088,1000101023,-88.800636,1.146149,0.332721
2089,1000101024,-88.332878,1.455194,0.801178
2090,1000101025,-87.329651,2.043842,1.713483
2091,1000101026,-87.963531,1.778027,0.995251
2092,1000101017,2.198254,-1.780829,87.168037
2093,1000101018,2.186883,-2.332837,86.802338
2094,1000101019,2.26626,-2.36217,86.717323
2095,1000101020,2.224457,-2.282794,86.811172
2096,1000101021,2.228082,-1.826807,87.117256
2097,1000101022,-87.962883,1.96853,0.544922
2098,1000101023,-88.795822,1.148456,0.336346
2099,1000101024,-88.329567,1.45882,0.809088
2100,1000101025,-87.32888,2.046204,1.708154
2101,1000101026,-87.961212,1.777368,0.992999
2102,1000101017,2.201605,-1.773303,87.168289
2103,1000101018,2.187158,-2.33432,86.797676
2104,1000101019,2.263184,-2.367883,86.720169
2105,1000101020,2.220666,-2.283838,86.809906
2106,1000101021,2.226819,-1.828564,87.118019
2107,1000101022,-87.962357,1.965564,0.545636
2108,1000101023,-88.806305,1.151587,0.338873
2109,1000101024,-88.331604,1.464532,0.810901
2110,1000101025,-87.32872,2.046149,1.706726
2111,1000101026,-87.961525,1.777698,0.999701
2112,1000101017,-0.139417,-1.769678,88.22406
2113,1000101018,2.183753,-2.329321,86.800537
2114,1000101019,2.260108,-2.369147,86.724503
2115,1000101020,2.228741,-2.284222,86.806618
2116,1000101021,2.226544,-1.823401,87.119034
2117,1000101024,-88.335228,1.457062,0.804529
2118,1000101025,-87.33535,2.046368,1.708484
2119,1000101026,-87.959198,1.77561,0.993164
2120,1000101017,-0.137,-1.77215,88.222145
2121,1000101018,2.181555,-2.333331,86.798943
2122,1000101019,-0.07207,-2.361017,87.639359
2123,1000101020,-0.103107,-2.250385,87.746269
2124,1000101021,2.225446,-1.825983,87.117332
2125,1000101024,-88.337257,1.457666,0.806616
2126,1000101025,-87.328293,2.04483,1.704199
2127,1000101026,-87.957893,1.778687,0.997009
2128,1000101018,-0.140131,-2.304932,87.688942
2129,1000101019,-0.059656,-2.360413,87.640388
2130,1000101020,-0.101569,-2.247199,87.746025
2131,1000101021,-0.107501,-1.821094,88.17662
2132,1000101025,-87.333351,2.042578,1.706067
2133,1000101026,-87.957649,1.775226,0.999866
2134,1000101018,-0.148261,-2.307184,87.686501
2135,1000101019,-0.06394,-2.367224,87.639511
2136,1000101020,-0.091077,-2.253186,87.749725
2137,1000101021,-0.106622,-1.81615,88.17469
2138,1000101025,-88.291077,-0.265649,1.690137
2139,1000101018,-0.13634,-2.310645,87.695908
2140,1000101019,-0.063885,-2.369312,87.630959
2141,1000101020,-0.103821,-2.265985,87.729523
2142,1000101021,-0.099591,-1.819556,88.174843
2143,1000101020,-0.46994,28.106827,61.893124
2144,1000101021,-0.10816,-1.846197,88.140244
2145,1000101021,1.099182,-0.935596,88.531769
2146,1000101021,1.122748,-0.954712,88.527657
